Weights,revcomp
1.2421248785874668,CCCCCT
1.2173141819130382,CTAGTG
1.2144484562823388,CCATCT
1.1987563150805678,CCCTCT
1.0423196479806083,CCACCT
1.032244859904452,GGGGGC
0.90817648376598,GCCATC
0.902578170994839,TGCTGG
0.8914069757707835,GCCCTC
0.8397546405615323,GGTGGC
0.8004397460446303,TAGAGG
0.7885048509688364,CTCGTG
0.7610286311742416,CTGCTG
0.7554807283892051,GGGCGC
0.7541299106943506,CCCCTG
0.7417906833849187,TAGATG
0.7356011708404353,GGTGGT
0.725655021931236,CTGGTG
0.7152699939631425,GGCGCT
0.6820652195868079,CTAGCG
0.6651313352640988,TTGTGG
0.6649364910726997,CTGGCG
0.6561864152219632,TGGCGC
0.6509039769174441,GGCAGT
0.645753894785593,GGCAGC
0.6423853196712551,TCTGCT
0.6201067162549841,TGGCCA
0.6182946217931834,TCTGGT
0.6173772638770151,GGGGCG
0.5995885588386597,TGCCAC
0.5966164484608626,GCGCTC
0.5863555216515277,GGTGTC
0.5808448919314537,CGCGCG
0.5797747524700231,TAGGGG
0.5755264072740296,TAGGTG
0.5675394594819827,GGCACT
0.555673676048003,GGCCGC
0.550594478092846,CTTGTG
0.5407571873820294,CTCTAG
0.5379630844238006,TGTCAC
0.5377662174429895,TAGTGG
0.5348413921633393,TGCTGC
0.5318865763606029,GTCAGT
0.528397533491938,CCTGGT
0.523025777610532,GATGTC
0.5179975571340834,TACTGG
0.506646630318237,TCTCGT
0.5052180296850273,TGGCGG
0.494646975839385,TGGTGG
0.494313613257389,CGCTGT
0.48674504429978166,TAGCAC
0.4846306996554722,CTACCG
0.48339504164491814,GGCTCC
0.47333718600289726,GTGGCG
0.4686412000461298,TGACAC
0.4643322858203327,GCGCGC
0.45900162491919533,TGGTGC
0.45801398529008513,GGGTGC
0.4564918699617511,TGGCCG
0.4530325475402856,CTCGCG
0.44023735966160876,GGTCAG
0.43565008465856914,CCTCTG
0.4355377546028867,CGGTGT
0.43408410965312527,GGGAGC
0.4312481867758206,GGAGCT
0.42851183330943876,CCTCCT
0.4277070636580622,TAGCGG
0.4263487292621614,TACCAC
0.41438276840002924,GAGGTC
0.41043358111904293,TGGTCA
0.40999479461188937,TGGCAG
0.4083861068615173,GCTCTC
0.40395404486114495,CCGCGT
0.4000087508191724,GAGCTC
0.3994657042535425,TACCGT
0.38893470717342915,GGCGAT
0.38731140628754096,CTATTG
0.3841792712348869,GTGGCC
0.38240542914599,TGCAGC
0.37880647200814993,CTACTG
0.3779777525641919,CCAAGT
0.37735332163530033,TCTAGT
0.37583524434476495,GGCAAT
0.37561317171308023,GGCGGC
0.3746805711821763,GTCACT
0.3728793324589576,CGCCCT
0.36570529781859146,CTTCTG
0.3617285567192322,CTGCAG
0.36148246088139524,CGGTCT
0.3603659839238363,TGGTGA
0.3571754085395245,TACTGC
0.3554904031927406,TAGTTC
0.3545646750444236,GGCGCC
0.35426799462904984,CACCCT
0.3536092772725992,CGATAT
0.34946980526173727,TGGAGC
0.34865273103217387,TATTGC
0.3475582991549547,CGCCAT
0.3457624137670286,TGTCCA
0.34518097181770885,CCTGCT
0.3404809297473697,GTGGAC
0.33655257825549906,GGCCAG
0.33642003530717257,TACTAC
0.33498232154387986,TGGAGA
0.33358656667559206,CAGTGT
0.33084194733248373,TGCGCC
0.3293173193458962,GCAGTT
0.32890913335775085,ACGATT
0.32770634152501255,CGCCGT
0.3265322888971842,CGCTCT
0.3251487886920582,CGGCAT
0.3250698735981227,GCCACT
0.32474850928366167,AGATGT
0.3246345173995403,CTTGCG
0.323830387864091,TTAGCC
0.32250316295675,GGTCGC
0.3223811493995518,CGAATT
0.31950732650392144,GGTGCT
0.319186131045552,TACCGG
0.31821700400920366,GCATTG
0.31756406817147365,CAGGTG
0.31585813149081005,CTAGGG
0.3146562964111287,GAGTTG
0.31351155205397957,CGCGTG
0.3133520057722183,TTGTAC
0.31163500482115375,TCCCCC
0.30899205944132446,CGTCGG
0.3079240728681991,CGGACT
0.3074256595594669,TGCCGG
0.304425106844152,CACTTG
0.30398993733116325,TCGGGC
0.3024506154316105,CCGTGT
0.2989629292917624,CGCGAT
0.29794825144612097,TCGACC
0.29773210399784616,CTCTCG
0.29696615370175494,TTCCGC
0.296143840514109,CGGATT
0.29610242708787204,GTTGAT
0.29499294175238006,GAGCAT
0.29497747879775893,AGTGTT
0.29495107209593124,CCTAGT
0.2949471523023759,GTGGTT
0.2924698242034189,TTGCGC
0.28991716497825754,TGTTCA
0.2895404189423236,GGGGTC
0.28916793892816617,GGGCAG
0.2885794967827103,GCGCTG
0.28810304715991375,TGCTAC
0.287467562891287,TCGCCC
0.28643967394027453,CCTACT
0.2849437222186185,CTGTTG
0.2849014982230125,TATCGC
0.28351919900033207,TATTAC
0.2834411216268684,GGAACG
0.28304041455772044,TAGTAC
0.28292835663255983,TCCCTC
0.28292460056529256,TAGGCG
0.2816730419669061,TGTGGC
0.2815285812338324,TGGGTG
0.2811175032133398,CGAGTT
0.28058261940322043,TATCAC
0.2801690776955649,TGCTAT
0.27972803889390724,CTCCCT
0.27856787088057167,GTAATT
0.2779767459392776,TCCTGT
0.2774589695210063,TATAAC
0.27698652382079403,TCGCTA
0.27575523295782184,GGCGTC
0.2750394560918295,GGTGCC
0.2740380756446735,GTTTTT
0.2739469776051473,TGTCGC
0.2738777453912739,CTGCCG
0.2721152192559776,GTGTCG
0.2701317671414865,GTCCGG
0.269269475825113,CCTCGT
0.2670330202630257,GCACTC
0.26655556004103514,CCGATG
0.26607704270271143,GCGTTG
0.2655436247195618,TGAATG
0.2650878210496763,TCTTGT
0.26475867194902397,TGCTGT
0.2640623611146899,TTGGCC
0.26397732057284645,CGGCGT
0.26369299321474604,GTCGGC
0.26313081204132666,CGTGTG
0.26306591362474496,GTGCTC
0.2622264903115207,CGATGT
0.26139363661527437,TATAGC
0.2588208223571032,AGTATT
0.25843913207534003,GCGGCT
0.25841488693675946,GTTACG
0.2583381694364096,GCAGCG
0.2559528250605485,GAGGCG
0.25553847536971497,TTGTCC
0.2523585864963244,CTGGGT
0.2483328640090347,CACCAT
0.2480175454907689,TAGAAC
0.24781355375654077,TTTTCT
0.24768437845792332,CTTGAG
0.24697466007195845,GCTGTT
0.24678242651771526,TTCGCC
0.24456854484360407,TCATGC
0.24362710938194393,TGTCGT
0.2428523984081393,GTAATG
0.2423755081771788,GCCACG
0.2421955514632354,CTAGGT
0.24151778459616002,CCGCCT
0.2413785135867202,TGCAAT
0.23996289924532252,TAGTGC
0.2395548531010226,ATGTAT
0.23876901127867003,CCAGTG
0.23809888594926787,TTCTGG
0.2380625207322756,CGTTCG
0.23800369559965573,GCGGGC
0.2378735976044931,TGCGGC
0.23733780673102647,TTGCCA
0.23729684180684923,GAATTG
0.23701736552112937,GCTGCG
0.23698420926744684,TTGCTC
0.2368295318837379,CGTCAT
0.23637511177837786,GGTTCC
0.23587034868072687,TGACGC
0.23541348497344572,CGTTTT
0.23394203002591019,GTTCCC
0.233906201587684,GCATCG
0.23321782755095552,CAATAT
0.23310125372296592,TAGTCT
0.23306736705321046,TGTTGC
0.23302885999415596,GCTGGT
0.2322637400233997,GCTAGC
0.23196388788607375,CGGCTG
0.23150928460130143,GATTTT
0.23108987470747325,GCCATT
0.23038212243401537,TTCCCG
0.22981955653857647,GTGGTC
0.22920346457646776,GGAATT
0.2290894319039934,GTCGAC
0.2283973858099591,TTAGCT
0.22807554829656243,GTGTGC
0.22781631440695296,TGGAGG
0.22762420956708798,GGACCG
0.22751793416828023,CATGTG
0.2257302300852165,GTGCGC
0.22561778538126306,GGACGC
0.22530935532458618,GTCGCT
0.22494747098635276,TATATC
0.22483753782299645,GGATGC
0.2243976810541052,GGAGGC
0.22396679836878805,TAATGC
0.22383128868068342,TGAGCG
0.22369796650733764,TCGGTA
0.22347469139952725,TCCAGT
0.22339839483703616,GGTAGT
0.22308870398303052,CGGCTT
0.22280120484383442,CGCGTT
0.22248246323202445,GTAGTT
0.2219090443956872,GTGTAC
0.2218957277279582,GCACTG
0.22165737198864416,CTCGAG
0.2209379224982117,TTCCTC
0.22088374669321503,ATAGGT
0.22069611256774435,ATTCGT
0.22048285266531353,GGTCTC
0.21910505924631946,GTAGCT
0.21849189632099314,TTGGTT
0.2182793600532169,TACGCT
0.21825620003760088,CAATGT
0.21784433158864383,TGAAAT
0.21774391588067538,GCCGCT
0.21766856768601728,GCCGGC
0.217634292040733,GTGGGC
0.21742200303071252,TCATGT
0.21681925103059413,CTCCTG
0.21467296142915582,TTTCCA
0.2145940221988115,GTCCTC
0.2144595431088182,TGGTTA
0.21399477540988618,GGGCGT
0.21385058137269622,TTAATT
0.21343871092799557,CAAGCT
0.21329745517773868,TTGACC
0.21195130457260278,TGCCTC
0.21132383051455486,CTCCGT
0.2112302376499216,CTGGAT
0.21077028597279576,CACTGT
0.2101057003424821,GCTAGT
0.21008790544120667,GCCGTC
0.20950156754090676,TGGCGA
0.20932468463788248,GCAACG
0.2092564062982268,CACGGT
0.2082905482566391,CGTCTG
0.20770585384877913,GGAATC
0.20730979360941523,ACTGTT
0.20681080579727415,TCTTTG
0.205917085599411,TCGCGG
0.2052297848807951,TATTCG
0.20488214218310163,CCGTTT
0.20486387395019673,TTATAC
0.2044704827201745,TTACCA
0.20444517808433668,GTGTTG
0.2027040762966792,TTACGG
0.20098749959818107,GTCCCG
0.20067180437674284,GGGAAG
0.20024220759881453,AGGCTT
0.20010334643757538,ACGTTT
0.2000891064963134,CTGTCG
0.1999612931355268,GCAATG
0.19958790809087282,GTCCGC
0.199571557065357,CGGCCG
0.19904277396745648,GAATAT
0.19892890577181285,TGTGCA
0.19815256776201043,TGCAAG
0.19778917784676484,GTTGGT
0.1969515642007262,TATGCC
0.196174352045838,CGATCG
0.19610770122413623,CGCCTG
0.19608525017151845,CGCGGG
0.19589148078435173,TGTACA
0.19579114198149294,CCCGTT
0.1955263165036804,CTGTGG
0.19543735158871384,TATACG
0.1951742196103314,TAAGCT
0.19506476033079864,GCAGGT
0.19503859498483944,TTCCGT
0.19429724465161857,CAGACT
0.19391516467148784,CGCAGT
0.19391357433990777,GCTTTG
0.1936065397991716,GGAGTC
0.19279781236445057,TTGCCT
0.19260261316544444,TACCCT
0.19177912264260918,GGCCTG
0.1917138676764214,TCAGCT
0.19014675988896898,GCGGCG
0.1901290788560456,GTGAGT
0.18951844955115674,TGTGCG
0.18930222442577646,TGTGGT
0.18875630671743968,TGGCTA
0.18850367954246935,TGTTTC
0.18840012898390152,CTGTAG
0.18834324301236097,TGTTCC
0.18787928906763848,TAGAAG
0.18783834024141646,TTGAGC
0.18685961407014895,TGTGAG
0.1862149740501561,GCGTGC
0.18618562651597784,CCTTGT
0.18582691395114787,TCATTC
0.18565403214659856,TGCAGG
0.18564889268705378,TGACCC
0.18503073340106682,GTTAGC
0.1843928076671464,GATACT
0.1841398941250382,TTGCGG
0.1841300790716316,GCTATT
0.18402973330297753,CGCAAT
0.18384866318713902,GCTTGC
0.18383662361148523,TTCGCA
0.18367913757701287,TGAGTG
0.18238843606100796,GACGGT
0.18227938977021232,GCGCAG
0.18164843307643885,GGAACT
0.1812098077081304,TCGGAC
0.18116520393706714,TGGCAC
0.18073456616603253,AGGGGT
0.18051614749721714,GTTTTG
0.18035925571990996,TACGAC
0.18011005879209854,TGACTC
0.17989804991720232,GTGGAT
0.17955462436045763,GCAGGG
0.17910049578827583,ATGCGT
0.17887918693848784,TATTGG
0.17856165836157564,TCCTGC
0.1785432186021909,CCCGGT
0.17723914552282616,TCTACT
0.17720687543659175,CTTCCG
0.17716737158006046,GGAAGC
0.17715291540422623,TGACAT
0.1769637337530624,TGATGA
0.17630100749227262,TAGCTC
0.17618301671523273,TAGCGC
0.17590590097710607,TTAGAC
0.17521092384998393,GCGAAG
0.17505378290776363,AGTCGT
0.17503128245730448,TGAGTT
0.17380970769284315,GTAACT
0.1736956601739472,CATCTG
0.1733873019242555,CCACGT
0.1732669952896928,GTTATT
0.17308925614304319,GGAATG
0.17303055188151173,CTAATG
0.17209295544151582,CCCGTG
0.17120358459289625,CCAAAT
0.17028163349135766,CAATCT
0.1701922977699105,TTGTTA
0.16974252924531966,GTCTGC
0.169482846260141,CGGTTG
0.16930457605821536,GTGGTG
0.1687999004542677,GTCTCC
0.16879493916817634,TATGCG
0.16803414844084097,GTAGAG
0.16775171582646947,TTCAAC
0.16738048561642105,TGTAGC
0.16737956920233424,GGTATT
0.16696090676525352,GCTAGG
0.16681625770384748,TTCCAC
0.16575677503388084,AGCGTT
0.1650275907635178,TGGGCT
0.16484353953061442,GCACAG
0.1639454987283267,TTAGGA
0.16394161205683447,CTCGGG
0.163749673995927,TGCACC
0.1634027264163077,TGCCAT
0.16311258313389204,GACAGT
0.16237400313714473,TCACTA
0.16227772373348265,TTTTAT
0.16203359677324256,TAATGG
0.1619962683297206,TGTATC
0.16179703008789198,TACTCC
0.1614888375328193,TTTACT
0.16124125441566128,CATCGT
0.16064791013481827,CTGGGG
0.15990943200020474,TGTTTT
0.15981604350254147,GCCGTT
0.15970019061130108,TTGAAG
0.15965525377984202,GCGTAG
0.15964649546684342,GGTCTT
0.15922977187543144,GTATAG
0.15895121661722889,GAGGAT
0.1579963799261066,TGTTAC
0.15798504285474532,AGTCCT
0.15745390704230228,TTCTCA
0.15742566870168653,GAAGTG
0.15698419518067724,CAGTTG
0.15671991073382674,GGATCC
0.1564193288741704,CCACAT
0.15590916753620906,TATCCG
0.15581427637964027,GTTTAG
0.155764481920261,TCCGAT
0.1556919125269929,TTAGCG
0.15537092979074282,TTGAAC
0.15530677811633026,TCCGGC
0.15525699412943902,CCCCGT
0.15510501620390693,ATACGT
0.15506818648652393,ACAATT
0.15492422301589526,GACGCT
0.15484010429574377,GGATCT
0.15458286576308972,GCTGCT
0.15435246731637436,GGCGGT
0.1542252536169226,AGTGGT
0.15414850114799075,TGGGCC
0.15398937258039433,GGCCAT
0.15397094481944168,AGACGT
0.1538236165084882,GCTTAG
0.1535073810492648,GTTAAT
0.15340731306086924,TTTCAG
0.1530570716237584,TTCGGG
0.1529744047892091,TTCCGA
0.15269558546480286,CGTTGT
0.15255781904037055,TAGGAG
0.15179533615653246,TGTCTC
0.15170956416182668,CTATCG
0.1510586219720423,CTAACG
0.150903992706125,CTTGGT
0.15077824046161084,GTACTG
0.1505502345942966,GTCAAT
0.15052316953961975,TTCATA
0.15021106761977207,GGCCCG
0.15004294140693702,GTCATC
0.149675531676568,TTCCTT
0.14966513786406554,GCGAGG
0.14952251060820596,TAAACC
0.14929469997896383,GTCACC
0.148561337329531,GATAAT
0.14837780841085482,TGATGC
0.14817668852558755,CTCTGG
0.14766601549742864,TTTGGT
0.14735588792174203,TGTTAG
0.1470729072460551,TCCGGT
0.1467922112272241,CGACCT
0.1466844039115662,CACTCT
0.14665645299231966,GCGGTT
0.14665313002529745,TTACAC
0.14641768523754736,CCTCAT
0.14632678496393545,GTCATT
0.14621745973624856,CGCTTG
0.14549743658496553,TTGGCG
0.144943235237292,TCGCGA
0.1446696781678016,CATGAT
0.14422739851986824,TGTCCT
0.14421670209282164,GTCTTT
0.14283042869943685,TCATAC
0.1428046800514984,CCTAAT
0.1427348953301847,GCTTTT
0.14268376546308265,TTTTGC
0.14227776001817538,GGTACT
0.14207587687883663,TGGTTG
0.14204193240390134,TGTGAC
0.14203705308403436,TATGGC
0.1418388565016706,CGCTCG
0.14180950577009727,CTTTTG
0.14159869828980434,CTTCAG
0.1415823645973098,TTTCCC
0.14139115957787307,TCGTGG
0.1412498344622467,TCGCAC
0.140946026675243,TCGGAT
0.14077444046711715,GAGTCG
0.14061000340343124,GAACTG
0.14029136174390655,GTCGCC
0.14003893515603905,GTAGGT
0.13977569868840647,CAGTAT
0.13977012348782655,TTCTGT
0.13949069617883766,GTTGAC
0.13947165827140906,GAAGCG
0.13937908975666827,CTCACG
0.13928970343969405,TTGTGC
0.1391627676085021,CTCAGT
0.13903084249942368,CTAGAT
0.13897275407854046,TGGAAG
0.1389251765332451,TGATTT
0.1387506109539323,GTACCG
0.1387345535974091,GGATTG
0.13864847975108882,TGCATA
0.13847602919716212,GCCAGG
0.13797223375260428,AGGTGT
0.1377705906207866,CGTAGT
0.1375988396066385,TCAGCC
0.13732544860655588,GCGCCG
0.13713754068176637,CTATCT
0.13692582540881568,TACGTA
0.13689443841948348,GTAGCC
0.13629015773536066,TTTCGA
0.13615010930778576,TGCCCT
0.13607226264213867,TCCAAC
0.1359391679726341,TTCTCC
0.1358833785834302,GAAAAG
0.13575130563747786,GCTCGC
0.13570582338589812,GCGCAT
0.1345023285291477,CAGTTT
0.13414481598907163,CGCGGT
0.13387110986429213,GCGATT
0.13384735187201113,TCTTAG
0.13382988808900445,TACCGC
0.13352623392194995,TTGCAG
0.13313969883882307,TTGGGT
0.13265426736579367,TTATGG
0.1325890402060736,CGGCCT
0.13234448875595486,TTGAGG
0.1321469594246573,GCCGAT
0.13208401978381448,TTAAGT
0.13153799611390515,TGCTTT
0.13140341368623326,TTGTCT
0.13123546868224614,TGTAAG
0.13120371746892917,GGAAAT
0.1307941871959584,CACTAT
0.13068186432130102,GTACTC
0.1304634161486951,CTCTTG
0.12936968213790057,TTGATA
0.12900397326954444,TACCAG
0.12900093107755298,CCACTG
0.12886153340438142,CTTCGT
0.12872531907052237,GCGGTC
0.12844866897275314,TCCCCG
0.1281053078825045,TGCGGA
0.12797192473832875,GCCTGC
0.12781925265509556,TGTCAT
0.1277423154832358,TGGCTC
0.12769291969600313,TTCCAG
0.12744890169398054,TGTAGT
0.12714024662661422,TGAAAG
0.1269508077474215,TCGCGC
0.12641164350740802,TCGCAT
0.12594092944056776,TTGCCG
0.12587989188563803,TGTCAG
0.12567957950542935,CGATTG
0.12565735296523775,TTGATG
0.1256418627728204,TTCACA
0.1255293538938427,GCTGTG
0.12523852311774641,TCAACG
0.12520461342150174,GCACGG
0.12517896996910025,GTTACT
0.12504358367813911,GTTAAC
0.12476115644639375,TGTCGG
0.12450782692847742,TTGCAC
0.12377771012151148,TAACAT
0.1232895992795192,TATCCC
0.12320006622571325,GGCTCT
0.12298470657487348,GATGAT
0.12287197514951168,TATGTC
0.1224602057777799,TGTAGG
0.12245158114584236,TACTTC
0.12240979819565767,CCTTCT
0.12214385054575486,CAAAGT
0.121480716039281,TGCCGC
0.1214131077406452,TTTGGC
0.12104119585921849,TTTACC
0.1210239765344031,GGACTT
0.12086195673509376,TAAACG
0.120640254988531,TAGTCG
0.12019279832213627,GCTATC
0.1197505905461847,TGCATC
0.11823168838723283,TTCGTC
0.11814442347463797,TATACT
0.1178734377815648,GCAACT
0.11760031608575915,TTCTCT
0.11719337632019487,GAAATT
0.11674965153264424,TGCCGA
0.11660885212897916,TATGGG
0.11653341136056533,CCGGTT
0.11647190662953616,GTGCCC
0.11606053346411047,TAAGGG
0.11589516662050693,GCCTTT
0.11573812218839812,TCGTGC
0.11569629153109655,TCTAAT
0.11556033231638826,GGTTAT
0.11547592374464385,CACCTT
0.11541902535297756,GGACGG
0.11509614418888953,TTACTC
0.11501892209343005,GATATG
0.11500023998549685,TGATCG
0.1148393963900859,GTTCGG
0.11466726333500517,CAATTG
0.11460409940779123,TCTGTC
0.11442573016450491,CCCTGG
0.11397581176385556,TTCTGA
0.11388645907922275,AGCTTT
0.11370694821509912,CACTTT
0.11314744779215209,TCCTGG
0.1131069310249148,TAACAC
0.11301475340674087,ACTCGT
0.11260654249754731,CTGAAT
0.11252177663126349,TTAACT
0.11249493413072302,TGTACG
0.11249437473799734,TGCGTC
0.11174072172930467,TGAGCT
0.11150407245835733,TCAGGC
0.11146583883636804,CGCATG
0.11125104123268481,TCAGCG
0.11112054220762586,TGGATA
0.11073308948754074,CCCTTT
0.11051129796036722,TCTAGC
0.10969392096745958,CAGATT
0.10950087017547011,TTACGC
0.10949832301029042,TTTCAA
0.1094917962006986,TGATAT
0.10882368558215419,TTATAG
0.10880892386051513,TTCACC
0.10875196263239578,CCTGTG
0.10858322362162502,CCGCTT
0.10849923233474222,ATCGGT
0.1081501790696934,TCTTGC
0.10779993316729704,GAATAG
0.10753970212841539,TTTTGA
0.10747659516790847,GATTTG
0.10701110594291523,CGACAT
0.1068254004235351,CCGACT
0.10667615354323864,TGCAGT
0.10665814303123834,TGCCCC
0.10665075193095212,GGGCTC
0.10661942948294865,AGCATT
0.10627058499747506,GTTTTC
0.10588541657107717,AAGGTT
0.10585544023506396,TTCATC
0.10535720638785669,CGTCCT
0.105265995727832,GTGATG
0.10525767627374158,TTCATG
0.10488817373372668,TATGTT
0.10467163440921172,GCACCG
0.10443596773517058,CTCTTT
0.10411672123105753,GAAAAT
0.10387455896825583,CCTTTT
0.10338797495028498,CTTGGG
0.10292041995795732,CCCTTG
0.10259419764470704,GGAGAT
0.10230942041332317,GGTCAT
0.10218540521256826,TACAGC
0.10211872496955154,TTCACG
0.1019368545701958,GTCGGT
0.10145597109257058,GGACGT
0.10125482199804914,CTAAAT
0.10071756760595726,CTGCGG
0.10046493244264833,TTCTGC
0.10024324187736827,ACTATT
0.10001803067195177,GGGCCG
0.09977804766848611,TTTTGG
0.09961545896521723,CTATAG
0.09928211389248176,TGGACG
0.09893516622264374,GGTCCT
0.0988829197035191,GCACAT
0.09880558113813333,GCCTTG
0.09869713727313587,TTAAGA
0.0982587817857312,CTCCGG
0.09825234990995238,TCCGTC
0.09764370485539256,TAAGAG
0.09763221108803997,TAATCC
0.09754688948846407,TTTCGC
0.09748425238758686,CCCATG
0.09726915431542471,CAAGGT
0.09700241427051441,CAACCT
0.09693594542800486,TGGCAT
0.09675257179167969,ACTGGT
0.09673016443569889,GCAGAG
0.09668793363104222,GATCAG
0.09651193516570031,TAGTTG
0.0964914176375996,GATTCG
0.09637283355619564,CTCAAT
0.09634372083653177,TACGGC
0.09625951788917457,GTCTAC
0.09624401969925943,TTGTAA
0.09620030589550238,TGTGTT
0.09601980229951002,CCCCAT
0.09587072250564642,CTACGG
0.09557782263211347,CTGTTT
0.09537450571201805,TCGTGT
0.09519855862059459,CGGGTG
0.09503568325976482,GATTCT
0.09479812155065513,GTTTGC
0.09438608436860711,GCGGAG
0.09419094301336127,TCATTA
0.09418722545946748,AGGTCT
0.09416996778920059,TTTACA
0.09416134017072493,TCGTTC
0.0937720332226315,TATCGG
0.09351380499515818,GTTTCT
0.09337213506848067,GGTGAG
0.09318806282832498,TTGCAT
0.0930441668141821,GCTGTC
0.0928708500039876,GGACAT
0.091948164622316,CCGAAT
0.0918893618965443,GTGTTC
0.09186122668830765,TCCGGA
0.09171793612277825,GTGACC
0.09164931253568646,TTTGCT
0.09156072794148307,GAATTC
0.09108121774294609,GAGCGT
0.09100165186697451,GCAAAG
0.09097732487787676,TTGCAA
0.09079425151861638,CGTTGG
0.09047144053663789,GCATTT
0.09021812216541095,GACGTC
0.08991507157231593,TCTGGC
0.0898367873494351,CGCTGG
0.0898095619063322,CCTTGG
0.08964315048030806,TCGGAG
0.0894788780729451,GCTGGC
0.08912800637556363,TTATCG
0.08887550231405006,TCCGTG
0.08880612050432186,CCGTTG
0.0886794577844259,TCGTCG
0.08856716652536215,CTTACG
0.0882880846921592,TGCGTA
0.08768318367531662,TCACAC
0.08764306174220647,GACAAT
0.08759829765632199,TCCACC
0.08678271589390209,TGCGAG
0.08669216266140228,CCCAGT
0.0866453130503879,TACACC
0.08663377778246692,TGCGGG
0.08661902561117564,TTGGAC
0.08661608847223312,ATGACT
0.086467825083596,GGCCGG
0.08593720731731862,ATGGTT
0.08577944513388668,TGCATT
0.08542094568959253,CTATGG
0.0852760007335905,GAGCCG
0.0850075357052181,CGATTT
0.08480601415986917,GGTCCG
0.08451843554686081,TCATCC
0.08406919665375037,TCACTC
0.08406363124441049,CGCTTT
0.08406053968825446,CAGGAT
0.0839960858820989,CGTTAT
0.08376394779903719,TTACGA
0.08313518243462101,TATGAC
0.0830097996198464,GTCTCT
0.08298782668779069,TCTGCC
0.08252921830533914,GCAAAT
0.08248336600420463,TCCTAC
0.08196893798383328,TGAAGT
0.0815994332785053,ATGCAT
0.08149025369894251,CTTTCG
0.08137862765269578,TTGCCC
0.08032930687691359,GTGATC
0.08022771190702663,GTTCGT
0.07971779379664695,GAAATG
0.07960743925741479,TAAGAC
0.07953033694927475,TAGAGT
0.07941929683856692,CTGCAT
0.0794175051725822,GTGATT
0.07921438027482183,GTGACT
0.07907998039301087,CAAAAT
0.0790211279624864,TTAAAG
0.07892058588064338,CGAAGT
0.07878842707634791,GAACCG
0.07876781405423759,AGGCCT
0.0782769727953193,TCTATG
0.07814963921091048,GATCTG
0.07781578999434435,TGCTTA
0.0777425207367376,AGCTCT
0.07691350700301572,TGGAAT
0.07662349910459836,TCGCGT
0.07645915884846397,TAGACT
0.0761786442832515,TATTAG
0.07595534861373475,GTTGTT
0.07592228529514092,CGACTG
0.07580261393737604,TTTAGC
0.07569070142928655,CCCGCT
0.07550658987732677,GTAGTC
0.0754297052478576,GTAAAG
0.07481507549456778,CCTCTT
0.07473405199126124,GGGAAT
0.07447112035261953,TCTCCT
0.07433852240439506,CGTAAT
0.07425734765452621,TCCGCC
0.07411428456181432,CCGGTG
0.07390859499505407,TCGAAT
0.07337798501395444,GTGAAT
0.07333813044505456,CCTATG
0.07285629548551867,CTGCGT
0.07283365868480184,AGCGCT
0.07236369743384059,TGTCTG
0.0722874686757974,TTACGT
0.07205692662486454,GTTATG
0.07201198010971661,CAACGT
0.0719399065382461,TAAACT
0.07189221054069081,TGACGT
0.07184694906772998,TTGCTA
0.07095036525024244,GCTTCG
0.07090549061338573,ATCCGT
0.07076849987098474,GTATGG
0.07055267922703916,GCATAG
0.07035741097348511,GTGAAG
0.07031397652697338,ATGAGT
0.0699016462516764,GCCGGT
0.06970967129132696,TCCCGC
0.06910744001528932,GAATCT
0.06890929726763127,TTGTCG
0.06869320489538436,TAAAAT
0.06868986259297317,TTCGGA
0.06866208783567038,CGGAGT
0.068640906838905,TATGAG
0.06843418906458194,CGCCTT
0.06843191069006202,CGTGCG
0.06804762143136266,TTAAAT
0.06746608947625718,CTCATG
0.06742337672480354,GTGTAG
0.06719308542360637,CACGAT
0.06692213039062198,TCTACC
0.06679825042823359,TCGATA
0.06657669687286788,ATCCTT
0.0664718575647633,TGACCG
0.06640115913932344,TTGACT
0.0662322141537462,TGTTCT
0.0657921824828621,TTTCTA
0.06575505496619513,CAGGCT
0.06569779660442383,TGGGGC
0.0651671213308924,GTGTGG
0.06509325752965145,GTCTTC
0.06491948559212753,GCGAGT
0.06469301821833104,TGGACT
0.06442268254230195,TACTTT
0.06388093642669142,TAATAC
0.06379056464427671,GCCCGT
0.06345568852935521,GCTTGG
0.06336928582527307,TTCTAC
0.06322568919671256,TTTTAC
0.06311079855188882,TGGAAC
0.0630105277820786,GTTTGG
0.06291138623226919,GCTACG
0.0627752413043684,TGCGGT
0.06248497272316435,CGAAAT
0.06241820522401113,GGTTGT
0.06226326919785482,CCTTAT
0.062170353089366276,TTATGA
0.062136811550444704,CCTTTG
0.06172743360171004,GGTTTT
0.06158597637035746,CCTGAT
0.06106389585225613,TGTAGA
0.061011871013885915,CATTTG
0.06076696843621304,GCGCGT
0.060631403156493985,TGATAG
0.06062746759748116,GGGCTT
0.06056258730267412,TCGGCC
0.05989228920576757,TCACGT
0.05959421009980259,TAAGTC
0.05912600539083557,TAGCGT
0.05910055818911547,GTTTCC
0.05898498732948135,GATGGT
0.058940950696826096,TGGCTG
0.058323933107478874,TGTACT
0.05827337662649484,TCAAAG
0.05781060983474634,TACGAG
0.057735939988125026,TTTAAC
0.05742890439939249,GTTCTT
0.05738832627639359,CCATAT
0.05735278931185713,TTCGAC
0.057290702314819066,GACGAT
0.05689469438367735,CCCATT
0.05668932444719307,GATCTT
0.056212807747179815,CGGGCT
0.05619721367930451,TCTTAT
0.05587468098260425,CTGTAT
0.055733843867412876,GGGTTG
0.05548868665035606,GTAGGC
0.055418026180803874,TTTGCC
0.054975955894216666,GCTAAG
0.05475518357768694,TTGATC
0.05464103244693566,GTACAG
0.05417300722377811,GAAGGT
0.05413446320673333,TAACAG
0.054125649256891825,TACCTC
0.05409888405431006,TGAGAG
0.054092023000921904,GGCTAT
0.05403731753917164,ACCATT
0.05402046681968363,TAGGAC
0.054014272386235324,TCTCAG
0.05380586697223295,TCCTTC
0.053695817260300364,GGAAGG
0.053679585966913496,TATGCT
0.0536262334369267,TGCGTT
0.053566343046659345,GCGATG
0.053400076388988776,TACGTC
0.05287221994464273,TTGCGT
0.05255875912108903,TAACCG
0.05203313425579793,GCAATT
0.0519020891747708,GTAGGG
0.05172804130591489,CGTTTG
0.05172242016969204,GTTCGC
0.05160940119653512,TTATTC
0.051453026760150296,GGGGAG
0.05074358868702624,TAGCAT
0.05073994532654224,TATAAG
0.050498770318499905,TTTTAG
0.050424966207522674,CACAAT
0.05041962430368232,GATAGG
0.050371257952509005,CGAGTG
0.05032389845680767,GATCGG
0.050270051990113,CGGAGG
0.049789648894901284,GCAAGG
0.04957061758888861,GGCATC
0.04955364393768332,GTTTAC
0.04938336310501098,CGATCT
0.04938219007458008,GAGTTT
0.04882387341013683,TTATCA
0.04854619129428416,GCCAAT
0.04745459084701263,GCCCAT
0.04735079643840411,CAACAT
0.047211107062728845,GCTCGG
0.047107486615448294,AGTACT
0.047002055970108446,CTTTAT
0.0469477810046757,TACCAT
0.04679441873854353,GCGACG
0.04673152916499423,GATTAT
0.04670125184871577,TGGCTT
0.046468998587224405,GGGATC
0.04643961941616025,GTCCAG
0.04637557742571279,AGATTT
0.04594526322765703,TGTAAC
0.04586568289442471,TTATCC
0.04586311514139117,TGAAAC
0.04553532319713467,CAGTCT
0.04535651973392733,GGGACG
0.04513079757363172,GCGCCT
0.0450039069835593,TTCGGT
0.04498443354789219,ATAATT
0.044980812685226315,TGGTAT
0.044911281825605595,TGCTGA
0.0448639575325106,CGTTCT
0.044830355972763164,CTGACG
0.04478795016519309,ATTACT
0.04466848180032901,CGAGGT
0.044639766309206415,CCCGGG
0.044555136417320576,GTATTG
0.04435787598786904,GTCTGT
0.04418656999301217,TCCCAG
0.04408535306489593,CCGCAT
0.04401409766634922,GAATGG
0.04396909052403971,GAAGTT
0.04386836490984132,TCCATG
0.043781824397243145,GCTCTT
0.0435770189557013,TCGACT
0.04289588995252979,AGGGTT
0.042732040905145915,GGGTCG
0.04266315366506207,TCAAAT
0.04234622232822922,GTTCCG
0.042169204825301246,ATAGTT
0.042105288443832045,TTCTTC
0.042091674316561876,TCTTGA
0.04191536139767156,GCAAGT
0.04179964640697874,CCCTGT
0.041758248132371875,TCGCTG
0.04140491506767257,GGGCAT
0.04132055306649628,CGTATG
0.04129562783011456,TAGATC
0.04116175475117644,TAACGG
0.040976832200480776,TTGAGT
0.04046402571046163,TCGCCT
0.04044485598612881,TGCAAC
0.0403005864967117,TTTCGT
0.03996955846622039,CAAATT
0.039961856918871975,GATAGT
0.03973299300965727,TTTGTC
0.03972666979354124,TGTGAT
0.03963843041936757,GTTCTC
0.03953329306556993,TTTAAT
0.03887093386529186,GTTCAG
0.038864855085306196,GTCGGG
0.03881274884486088,TGGGTT
0.03878871755815439,GGCTTT
0.03851657400855868,GGGAGT
0.03840762937630491,TAATCG
0.0383407378506633,GTGCCG
0.03826027416068868,ACTTTT
0.03810939888595032,GGAAAG
0.03801942689986785,TCATGA
0.037911846036218826,GTTCAC
0.03787917931798652,TCGCTC
0.03758751512459976,CTGGAG
0.037318157195835595,TAAATT
0.03717963861546377,TCCCGG
0.03680987163859609,TGTATA
0.03644250227122854,GTGGCT
0.03635468571478199,GTGTCC
0.03617904963254651,GCCCTT
0.03613071591394836,TCTCTG
0.03577934014318924,CAGCAT
0.03569081338277572,AGCAGT
0.035413690718070934,GGCCTC
0.03518966529596326,TTCAGC
0.03507005136799947,TTTAGG
0.03505383138654597,GAATTT
0.03503660370550146,GCCTAG
0.03471971607148768,TGAATC
0.03468808972861556,GCATGT
0.0346387927456523,TATCTT
0.03444880715025402,GGAGTG
0.034349319832065496,GAGGGT
0.033741952908891856,TACATT
0.03371112898951887,TCATAG
0.033652108028985495,TGAAGC
0.03351542817352497,TAGTAT
0.033351817524201834,GTCGTT
0.033297244532576466,TAGTGT
0.033008700130032466,GCAGTC
0.032970965486222116,GTATGC
0.03262783310176362,TAGAAT
0.03210946025944369,AGTTCT
0.031709521299282215,TTCAGG
0.03118990737714058,TTAATC
0.031021827562382278,GATAAG
0.03046419186681192,CCGCGG
0.030420152862737623,CTTTTT
0.0299410010064498,CATTCT
0.029912161295959735,CTTTAG
0.02966622394068293,TGGTCC
0.02964699052556086,TCTGTT
0.029627073538234877,ATCATT
0.029585431755948865,TCAAGT
0.029245191191826374,GCGGAT
0.029228375133813548,AGAATT
0.02888125129541082,CAATTT
0.028714238794077696,GTTGAG
0.028712931551111296,CTTACT
0.028632128359654688,GCTCAG
0.028256439434358186,CCAATG
0.0282517941792665,TTCGAA
0.028143951420843746,CATAAT
0.027941844794039317,TACTGT
0.02781704615707728,GACATT
0.027595201641010904,TTATAA
0.02754128925984864,TCCTAG
0.027466597545067445,CATATT
0.02734299586548017,TATAGG
0.027274489535821445,CTTGTT
0.02706493243010001,TACAGT
0.02700928117119562,TTGTCA
0.026909427199930953,TTTATT
0.026741520707103703,ACGCTT
0.026561421318435717,CTTATT
0.026278377894468824,GGCTGT
0.026082433765752908,TTTGCG
0.026058900820594096,TTGACG
0.025555168717534858,TCTATC
0.025446849040601776,TCGAGT
0.02534579578480361,ATTCCT
0.02533198863120714,TGTCCC
0.025325011828901473,GTTGCC
0.025233631767473334,TTTTAA
0.025129040187195435,TAAAGC
0.024497729669072904,CATCTT
0.024321993919768675,CATTAT
0.024321811247624264,TTAGTC
0.024313154704259387,TATTCT
0.023934877397120205,TATTTG
0.023791895190254413,TTCATT
0.023688489884236934,TGGGGA
0.023602484309730467,GTGCAC
0.023515726187626443,ACCCTT
0.02347072228153959,CCAACT
0.023216694464339886,TTGCGA
0.02320686163431282,GCGCGG
0.022693599893502267,GGTTTG
0.02251588020130042,CATCAT
0.022478556762595255,GCCTTC
0.02227792244573268,CGCTAT
0.022220738517265498,GTATTC
0.022053443953238293,TAGGTA
0.022025690667302155,TTAAAC
0.021973861100988274,GGATGT
0.021677956471908223,GACTGT
0.021474006378427578,GCTTCT
0.021410170373142738,ATCTAT
0.021219021878096142,GTTAGT
0.021190372758564592,GAGGTT
0.02111759448447577,GTTTGT
0.020663591783647146,TCAGAT
0.02060862131583799,GATTAG
0.020156657892061884,TTCCAT
0.019500739601833402,TGATGG
0.019258652408169256,CTGGCT
0.019198356998382755,GCGTCT
0.019185928636776584,GTAAAT
0.018933181359538392,CGCACT
0.018855027982643203,TGGTAG
0.018738885180344306,GGGTCC
0.018672467219739586,TTACCT
0.01865556005438921,TGGTCG
0.018479827510441322,TGGCGT
0.017998980255317144,TTCCCT
0.01792644937887685,CCATTG
0.017925794738666213,GAACTT
0.017858254764502215,CTATGT
0.01778924429892667,TAGCTT
0.017654102895093757,GCTCAT
0.01759004577945565,TCTTCT
0.017538036259598353,TGGGAT
0.017256824986824685,GAGCCT
0.017023343516595416,GTGACG
0.01686450675149463,TTTGGA
0.016811030870354467,CTAAGG
0.0162457528073231,CACAGT
0.01621472069275372,GGAGAG
0.016146491269038103,TCCTTG
0.015960149322311268,CGGTTT
0.015772296903252506,GGATAT
0.015715839499745643,GCTATG
0.01564377824445496,TGCGCG
0.01549545556189337,CAAACT
0.015217630760909946,CCAGGT
0.015214408118967076,TGTTGG
0.014994727463776066,TAGTTT
0.01488907231903428,TGCTCG
0.014853237850236517,GTAAGG
0.014838088559625215,GAGTAT
0.014719366285350304,TTAGGC
0.014397491159520725,TTTGAC
0.014166287701824893,ATTTGT
0.013818007547367476,GGCTTG
0.013812401966139067,TCTCTA
0.01378881786031671,GATTGG
0.013749509506064569,GCCAGT
0.013316561627010913,ACCGTT
0.013219069892858277,TGCTCT
0.013213487703548993,CCTGTT
0.01306543111103092,GTAAGT
0.012915011230652074,TGCACT
0.012850842657084575,TAGGCC
0.012572833613871622,CTTAGT
0.012452682379936455,TCCGAG
0.012037252753435736,TTTTTC
0.012020953331548036,AGAAGT
0.011794816443773209,AGCCTT
0.01166819746909449,AGGTTT
0.011647170965100578,CCATGT
0.01146256517321838,CACGTG
0.011076935963571075,TTACAT
0.01082533445766485,GGTAGC
0.01070351226461633,TACAAT
0.010405029629478316,TTCGCT
0.010383747226842722,GGTGAT
0.010374469367600236,CACATT
0.010051293051944996,TGGGTA
0.0098591074770041,CGACTT
0.009809178107051184,GTTGTC
0.009528827958260273,GGACTC
0.00945785935386308,CTCGTT
0.009343916219872059,TTATGC
0.009241361365892646,TCAAAC
0.008746486105663656,GGTAAT
0.00864971213540007,ATTTCT
0.008633026805536547,CGGAAT
0.007949106150819955,TCTTGG
0.007763897958212761,TGAGGC
0.007676146294735606,TCGGGT
0.007649678217213933,GGCGTT
0.0076439954795998605,GTCGTG
0.007519418507595609,CTACTT
0.007501947150474529,GGTGTT
0.007468811208274778,TTTCAC
0.0073053872196044214,GACTCT
0.007026870858188256,TTGACA
0.00685534878843178,CACGTT
0.006436855736655009,TTCCCA
0.006379731123942869,GGCTGC
0.00635269711303191,TTATTG
0.006271088644777436,TACGGT
0.006241724013909775,GTAGTG
0.006194648317943682,CATAGT
0.005982612301117936,GTGGAG
0.005866433447499523,CTATTT
0.005839492436372169,TGAGAT
0.005797664832105133,GTACCC
0.005790380776690167,AGCCGT
0.005525504543875697,TTTCCT
0.005427514838033063,TCGTAT
0.005422653423347119,CAGCGT
0.005405950581771656,TCGTCC
0.005391986527892645,TTCGTG
0.005216099389217674,TAAAGG
0.005066787143286485,AGCTGT
0.004085426653908388,TTGTGA
0.0038931116940265774,TTGGGG
0.003868510706759398,GGCAAG
0.0031463084660390056,GTCGTC
0.0031451897693316588,TGTCCG
0.0028659381566784126,TCCAGG
0.0026682358326690645,CGGCGG
0.0026219273011003482,GAAACT
0.002054998042218598,GACTTT
0.002052528517507134,GATGCT
0.0020383452977231547,CAGAGT
0.0019319295737841254,GAGTCT
0.0015684630035302084,TTACTT
0.0013857291205238115,TCCTTT
0.0012022186712710642,GTAACC
0.0011967402169770613,TCCAGC
0.0011768288505179898,TAATCT
0.0010425632401830458,TCGAGC
0.00085457640874717,TTGAGA
0.0006244217833932986,GGGGCC
0.00048036307543255325,TGACGA
0.00046349965151512747,ATCGAT
0.00036895661222924965,TGAGTC
0.0002686069457032089,GAGCGG
4.957449473192875e-05,GTACCT
-0.00011479844573543673,TGTGTC
-0.00015815894098962773,GTGCAG
-0.000232619208213743,TGGGTC
-0.00038661459132859175,TCCTTA
-0.00061054244532505,GATCAT
-0.0007385137037919051,TTATGT
-0.0011488905367443877,AGAGGT
-0.001255450968695694,TCGTCT
-0.0014514734858884007,GAGTGT
-0.0014629934861125082,GGGTTT
-0.0015332301987311659,TCGCCG
-0.0016775971967971561,GGTAAG
-0.002100294875028348,CATGGT
-0.0022699481396048354,TGTATT
-0.0022915912726143915,TTGTTT
-0.002355949299554236,ACTCTT
-0.0026725646956524025,TTACCG
-0.002753945358870193,TAAAAC
-0.002998371111253157,ATGTGT
-0.00314433837748094,GAGATT
-0.0031911364742537246,TCTTCG
-0.003221677670264689,TTTCTC
-0.0034745214348807637,GGTTCG
-0.003804688914754548,TGTGCT
-0.004088398892957898,TTAAGG
-0.0040950475182315715,TAGCCG
-0.0043623373711460306,GGACAG
-0.0044300682402808505,GGCTCG
-0.004464153926886082,TTTGAA
-0.0044883357669858745,ACGGGT
-0.0049296784840187685,GACACT
-0.005096315585904276,TGCCTA
-0.005118734449032101,TCGGTC
-0.005162154031269203,GGCGCG
-0.005833274031271094,CTTCGG
-0.006127279176727072,TCTAAC
-0.006312549203518305,TTCCTA
-0.00640211027126133,GGATTT
-0.00666661762717729,CTGACT
-0.006722039708005956,ACCGGT
-0.006859243687013076,GCAGAT
-0.007023642173863,TGATAC
-0.0070807948397463025,TTAGTA
-0.007480781758765583,GAGAGT
-0.007491712264757026,ATACCT
-0.0077393855921511654,GTTATC
-0.007763365209766062,TATCCT
-0.007868551349830926,TCAGTA
-0.00787661602457109,TCGATG
-0.00792199976921575,TTGTGT
-0.008004623862636543,CGCAGG
-0.008137968175536674,TGCTTG
-0.008440202713059411,TCGGCG
-0.008613416022676516,TTAACA
-0.008693828581284337,GTATCG
-0.008774028715752176,TTTAAG
-0.008847006219635863,TTTATC
-0.008894233272627033,TACAGG
-0.008944420345251534,TTGTTG
-0.008944821927525704,CAAGTT
-0.009043231507835595,TTAGAT
-0.009129613945438732,GTACGT
-0.009188347998895114,GAGCAG
-0.00935735661078421,TCGGGA
-0.009374137254840912,TTAACG
-0.009385156188871445,GGTTTC
-0.009661415953571327,GACTAT
-0.009848176166517335,TACCCG
-0.010007495214872004,TTGGAT
-0.010022589068271028,TAGAGC
-0.01031805885109246,TCTCAC
-0.010370092203594179,TGATCA
-0.010467549533004593,TATCAG
-0.010830684525148966,CGTACT
-0.010844004145382002,TGATCC
-0.011358191381227241,TGCGCT
-0.011752657631996666,TAAGGC
-0.011801016207178749,GCGTCG
-0.012126396837168693,GATATT
-0.012372278382570746,GTGCAT
-0.01249612876892877,CACGCT
-0.012515802591739717,CTACAT
-0.012619033921577798,TCGAGG
-0.013453861789784166,TTCCTG
-0.013469398366292983,TATGTG
-0.013472602856815867,TATTTC
-0.013517030341029525,GATGTT
-0.013697762129834878,GAAAGT
-0.013999732252436276,TTGATT
-0.014410398986208207,TCGGCT
-0.014426173980616786,GTTAGG
-0.015195703807491035,GTTGCG
-0.015832060236687765,TCCTCG
-0.015873476155655247,GGAGCG
-0.016500198480798575,TACACG
-0.0166232250179098,TCAGTG
-0.016946923533324967,CTGAGG
-0.016964259522919738,TTGGCT
-0.016967259971495053,TGGGAC
-0.0170488095558978,CGTGGG
-0.017156506687591996,GAAGAG
-0.017594651776767268,TCATTT
-0.017734355503070693,TTCACT
-0.017761376628667513,ATTGTT
-0.01779358054884821,GGCATT
-0.01789633415719007,TTGAAT
-0.017942840637782877,TGAGAC
-0.018154821241450902,GTCAGC
-0.018336629125327762,TGATTG
-0.01847650926886913,TTGTAT
-0.018503170584353162,TGCTCC
-0.018543879141191804,GTCCCC
-0.018927614035565792,TCTGCG
-0.019089956961625548,GTGTCT
-0.019114508831925853,CTGAGT
-0.01914784519242855,GTATCC
-0.019356337357287725,TGTGGA
-0.019888716088985257,AGATCT
-0.02049259759787088,TCTCCG
-0.020652120544299768,CTTTCT
-0.02091782476573819,GCTTTC
-0.02098845675943229,TAAGCG
-0.021319693206754982,CGGGTT
-0.021607387255264073,TCAGAC
-0.02189449239798629,CATTTT
-0.022205172014479482,TCGGTG
-0.022424551675465507,CTTAGG
-0.022520594136029134,GGTGCG
-0.02263383703993594,CCCCTT
-0.022756372973162183,CCGAGT
-0.02277004835990541,TGTAAT
-0.023030594769616452,CTTGAT
-0.02323011995674885,GGTTAG
-0.023243974351669323,ACCTTT
-0.023387530974394555,ATAGCT
-0.024156413076389,CGGATG
-0.024278136712543814,TGACTA
-0.02447312123646309,CTCGAT
-0.024624383355000116,TACCCC
-0.02474880666466726,TTTTCC
-0.02493490627759437,TCGCAG
-0.024959791325608258,TCCACT
-0.025055302704194732,TACATG
-0.02530277931382612,TAGCCC
-0.02532158938568011,TAAGCC
-0.025692760613615147,CGGGAT
-0.025777419803981617,GCTCCG
-0.02593131609410203,TCTCTT
-0.025992451304551203,TCCGTT
-0.02629617934871065,CCCACT
-0.02636571897405734,TCCCTA
-0.02660021590946332,GTAAGC
-0.026738791698626366,TAACTT
-0.02674754548647395,TAAATC
-0.02690542367487252,TGTGGG
-0.026961236847204063,TCCGAC
-0.027045244948272255,TTACAG
-0.02711599913455118,TACAAC
-0.02723661884996464,TCCTAT
-0.027432455786466785,TTGGAA
-0.027504102601835955,GCAGTG
-0.028272003920292037,ATTGCT
-0.029215157675796622,TAATAT
-0.029493883258564228,CTAAGT
-0.029638815525786493,CCTATT
-0.029647791882802955,TCGTTT
-0.029709404369203475,GTGCTG
-0.030179671891061834,TTAACC
-0.030247504647410196,CGCGCT
-0.030421740993430257,TGGTCT
-0.0305154816078562,ATGGCT
-0.030607661283224993,GCCTGT
-0.03065236738868558,TAAGTG
-0.030776947851287113,ACGTGT
-0.0308208583217218,CCAATT
-0.03107412426444576,TTCGTT
-0.03140811931094849,GCGTTC
-0.031528851212406346,GTCCCT
-0.03155317919127819,GCACTT
-0.032321075029965236,TCTCGA
-0.032850574525349924,CAGCCT
-0.03375868500761563,GACCCG
-0.03382503024771798,TTTTCG
-0.033851750322199725,GAGACT
-0.03422489443779886,GAGAAT
-0.0343271604434743,TGTTCG
-0.034373431466680975,TATACC
-0.03490615253865675,TCATCT
-0.03544324855297132,GGTCGG
-0.035445335972041934,GTAGCG
-0.03565405252768208,TGTGTA
-0.03634247881463537,GCGGTG
-0.036485684229787235,TTAGTG
-0.036489987445379304,CTGATT
-0.03672566786832229,AATCTT
-0.03685549370147683,CTACGT
-0.03687193677678938,TTTATA
-0.03697304980038348,CTTATG
-0.037235893067279695,CAGGTT
-0.037312162934853815,TCAATC
-0.03740422196478166,TCGATC
-0.03751217313931154,TTAGGT
-0.037542371887825235,GACTCG
-0.03835448775711591,TATCAT
-0.03843666492128529,CGTGCT
-0.038451446361295494,TCAAGG
-0.038888142283492085,TCTTAC
-0.038905046029871757,TCATGG
-0.03927130721337361,TTTCCG
-0.03930384797112285,CACCGT
-0.03933962748854005,GTGTAT
-0.039736181221216,TCGTAG
-0.03996800021045421,TGAACC
-0.040472154535174984,CTTAAT
-0.04078484183556026,GTAACG
-0.0411904165978286,TCCCAT
-0.041347801495724854,GTATTT
-0.041393913690916696,TCACGG
-0.041593420570622534,TACGGG
-0.041829816746539426,GGACTG
-0.041880525762095895,TTTGGG
-0.04190775140066416,TGGGCG
-0.042295969830823024,TTCGTA
-0.0424573261942762,CGGGCG
-0.04245771681945996,GAATGT
-0.042543004756148105,CTGTCT
-0.04273519010774957,TGCACG
-0.042785996329022156,ATCTCT
-0.04310571134275021,TTGGTA
-0.044136146343464334,TCAATG
-0.04420677390673326,CCCAAT
-0.04421236764259078,GATACG
-0.04486313848399432,GGTTGC
-0.04489528752662173,GGTACC
-0.04491247586124852,GAGAAG
-0.04513668047011874,TGATCT
-0.045168681038704674,TTTAGT
-0.04539863272769687,TCCATA
-0.04552006603925574,GTTGGC
-0.04558785298385852,CCACTT
-0.04561933929909317,GTCTAT
-0.04592150856999137,TGCAGA
-0.04619185876033802,TGTGCC
-0.04694043831197758,TCTCGC
-0.046999852842776836,AAGCTT
-0.04716307220677231,GTGCGT
-0.04734835840438765,CTGATG
-0.04745922625495972,AGACTT
-0.04753033886451968,CGTCCG
-0.047595256482101396,TCGGTT
-0.04779453983575845,AATATT
-0.048159374161213825,CATATG
-0.04825826098330779,TATGAT
-0.0483485724884336,TTCTAA
-0.048494616911730126,GATTTC
-0.0486206093585353,GGCGAG
-0.04863967090596707,GCTAAT
-0.04884827331798026,GTGTTT
-0.048850656992128066,TCCCGT
-0.04886884730020994,CCGGAT
-0.048943496716262316,GAACGG
-0.04900282551096396,GTACTT
-0.04911290866167427,TTAGTT
-0.04935513331332174,TCCAAT
-0.04991851106873606,AGTGCT
-0.04995851474972686,GAGCTT
-0.05030871543141517,GGTACG
-0.050670590958588335,TCTATT
-0.05075251278204788,GCCGGG
-0.05091732016450394,ATCGTT
-0.05158916921073961,GCGGGG
-0.05181263834710898,CGGTAT
-0.05185494396633501,GAAGGG
-0.05190255994533842,TCTGAT
-0.052002445348103804,TCTGGA
-0.05221391028324299,TCTACG
-0.052381960446427456,GCCCGG
-0.05238762247901676,TGTTGT
-0.052493469869246336,TTAAGC
-0.05254254944657485,CGCATT
-0.05285041378244815,ATAAGT
-0.053001943562601565,TGGTTT
-0.05308730464671823,AATGTT
-0.053574109862993186,AATTTT
-0.05363870327990938,GTTTAT
-0.05365982564462944,TAAATG
-0.053877796572753794,TCCCCT
-0.05408832257532314,AAATTT
-0.054094320508209205,TTGTTC
-0.054129874196916186,TGCTAG
-0.05459353824767363,CGGGGT
-0.054984601546985465,CTTTGG
-0.05501425664830784,TTCGAT
-0.05570013031544321,GCAATC
-0.05574806096027339,GCGAAT
-0.05592394447471401,TACCTT
-0.05627435014625225,GAAACG
-0.05683788739023326,GTCTTG
-0.057014893098588586,TGTCTT
-0.05713047445574052,GAATCG
-0.057706258979770164,GACCTG
-0.05775352943512928,CGGTGG
-0.057833636006518474,TGAAGA
-0.05812789869884688,GCATGC
-0.058130884552006,TCGTAC
-0.0585703929733794,CGTGAT
-0.058766715046828066,TGTTAT
-0.05944684862060777,GTGAGC
-0.05953315288655475,TACGCG
-0.05973707852532528,ATGCTT
-0.059792084695686094,TTTAAA
-0.059902086410808214,TTGTAG
-0.05991582901029166,GGCACG
-0.05995959569097008,CTCCCG
-0.060065336547229085,CGCCGG
-0.0602391904994686,TCTTTA
-0.060652999359997656,AGTCTT
-0.060901480641090265,TTGCTG
-0.06112769118848279,GCGCTT
-0.061147202599748866,GTCAAG
-0.06132542105606119,TGTATG
-0.0613817941096167,TTCTTA
-0.06154402378132916,GGATTC
-0.06163466870840685,CTAACT
-0.06211387573264792,TGCATG
-0.06221250610119852,TAACTC
-0.06235230927305349,GACCAT
-0.06258594159349326,GCCTCG
-0.06263231183967319,TGCGAC
-0.06294819737765243,TCAGTC
-0.06314753377014183,ATAACT
-0.06318614412498595,CGTCTT
-0.06320573134810277,GGGCCT
-0.06340463342969285,ATTGGT
-0.06341154078308145,TAATTG
-0.0635374612003339,ACGCGT
-0.06356329229590355,TTAGGG
-0.06366904799573718,TGTGTG
-0.06394963917915723,TTTGTG
-0.06432872479707873,TGAGGA
-0.06491195381100894,AACTTT
-0.0654187289744067,TACGCC
-0.06558246179072856,ATCACT
-0.06567372965701979,TACGTG
-0.06598425812898026,TATATG
-0.0660446731043978,GGTTCT
-0.06613342667259443,GTTGGG
-0.06631830951608642,CTCTAT
-0.06635168495045086,GTCATG
-0.06642521611290368,TCGGGG
-0.06681724740506366,GGGGAT
-0.06706771224152602,GCGACT
-0.06748101902856518,TTAGAG
-0.06767520280630915,AGAGTT
-0.06772495749949593,GTACGG
-0.06773495004385857,TAAAGT
-0.06775741292643017,TAAAAG
-0.06803987193738319,GATCGT
-0.06815265068019594,ATCCCT
-0.06829831536842683,GTATGT
-0.06830056703722216,ACAGTT
-0.06854371853997603,TCTAAG
-0.06864693421319518,GTATAC
-0.06892801556092078,TATGGT
-0.06911381276308552,AACGTT
-0.06924030140454862,GAGTGG
-0.070079705690942,GTCCTT
-0.0701583500559246,GAAAGG
-0.0703945007244659,CGAAGG
-0.07058143330757093,TCGTTA
-0.0706506207997267,CGAGGG
-0.07104006334507071,TGCTTC
-0.07109222539037408,GTCGCG
-0.07113268238696982,TAGGTC
-0.07156778712615393,TTATTT
-0.07158377181491739,GACCAG
-0.07242647469517577,TCCGCG
-0.07270111009227449,TGGACC
-0.07285050613930495,TTTCTG
-0.0732505470272598,TCAATA
-0.07362915878538406,CCGTAT
-0.07415535470689015,ATTCTT
-0.07455382708617794,AGTTGT
-0.07460877062010288,TAACGC
-0.07463169296160589,GTTCCT
-0.07475797933936651,ATGTCT
-0.07478157053249407,TACTTG
-0.07529894464027838,CATCCT
-0.07558415935169997,GCACCT
-0.07584782214815443,CCGTCT
-0.07591953363901235,CTTCCT
-0.0761386669633082,GGGACT
-0.07630177898795104,TTATCT
-0.07632412755410634,GAGTTC
-0.07667170001956171,TCCGTA
-0.07678725876376323,CTCCTT
-0.07692725324058847,TATCTG
-0.07705499076439132,AAGTTT
-0.07705619479748921,GAGACG
-0.07709839956884992,GTATCT
-0.07710284965549476,GCCTAT
-0.07726640982855318,TATTTT
-0.07735392001045174,TATCTC
-0.07761111503725901,GCGTTT
-0.07775225429092597,TTACCC
-0.07786124684027862,GCGATC
-0.07861318960720869,TCGCTT
-0.07870980333008233,GTTACC
-0.07885068367705125,TTCAAT
-0.07890405611688861,CTCAGG
-0.07937894521920773,TCCATT
-0.07978629431697729,GTTTCG
-0.08040566955104667,CTTTGT
-0.08045154817271144,TTGGGC
-0.08172395257637484,TTTGTA
-0.08194966190831689,CGTGGT
-0.08196253790949651,GGCGTG
-0.08216760779824804,GTATAT
-0.08232015137873028,TGAAGG
-0.08239372292036858,GTCGAT
-0.08269715057072861,TGCCGT
-0.08273305596178386,TAGCTG
-0.08351996980005102,TGACGG
-0.0839304794471192,CGATGG
-0.08394941406839478,GGAGGT
-0.08452600981813659,TACATC
-0.0845701176313056,GCTGAT
-0.08458582706996716,AGCGGT
-0.08461546270459394,TGATTA
-0.08463417459303307,GGGTGT
-0.08474510677323933,TCACAT
-0.08483925916947596,CATACT
-0.08548433769817704,TCCATC
-0.0854866401456533,ATTTAT
-0.08560827255828578,TCTCGG
-0.08568585847873109,AGTTTT
-0.08570964218974154,CTCCAT
-0.08601726949377457,GGCTAG
-0.08630256493136604,TTGGTG
-0.08651145924677558,GGGATG
-0.08719115682449585,GACGTT
-0.08746668311461424,CATGCT
-0.0875275183693021,GATGCG
-0.08773271484794144,GAGCTG
-0.08776040984964197,GCATTC
-0.08801029778081487,TTTTCA
-0.08882090178245113,GCATGG
-0.0890081580587163,TGAACT
-0.08938704402550578,CCTAGG
-0.09007175814192542,GACCGT
-0.09010962102451292,CGAACT
-0.09049852881315704,TCGACG
-0.09065576009633611,TCCAAG
-0.09092421398723018,TGACTT
-0.09094121437652869,GGGGGT
-0.09162048744415024,GGGCCC
-0.09168087954020074,TCTCCC
-0.09195301558463523,GTCTCG
-0.09227734024892312,TGGATT
-0.09229003281485677,TGATGT
-0.09282413860850662,CCATTT
-0.09318006028149461,TTCGAG
-0.09327221014438242,TAGTTA
-0.0933015902072841,TTAATA
-0.09343650964470566,GACGCG
-0.09344348780083017,GTTAAG
-0.09373263125804535,TAACCT
-0.09379495067675472,CGACGT
-0.09452473205145923,ATTGAT
-0.09468794257694309,GGTCCC
-0.0947941005755522,TCATTG
-0.09494977327502518,TCCTGA
-0.0949830274459539,TAAGGT
-0.09513302720846177,TGTTTA
-0.09532158648735488,GGAAGT
-0.09535038908702724,TAACGT
-0.09556021584024041,GTTCTG
-0.09562534812891997,TTCTAG
-0.09579983779186473,ATACTT
-0.09582705498554155,TCTGTA
-0.09708262373313681,TAATAG
-0.09757512963239867,CTTCTT
-0.09787810200530614,CTTCAT
-0.09829955359298664,TACTCT
-0.09847229896132377,GGCCCT
-0.09900309119594311,ACATGT
-0.09914108461539135,TATAGT
-0.09916299631342242,CCGTGG
-0.09919546711231089,ATGCCT
-0.09920492316394529,GTGAGG
-0.10011620117368834,TAGGCT
-0.10024846105406253,TCAGTT
-0.10103066246870139,GTCCGT
-0.10157439104074338,TAATTA
-0.10163021210610125,TAAGTT
-0.10177878640858624,ACATTT
-0.10178912901034111,GTACGC
-0.10192724208662252,GGCTGG
-0.10197684741084108,TGGATG
-0.10258445556755783,GGTATG
-0.10261804764887408,ATATGT
-0.10268584371452574,TGCCAG
-0.10282307865354808,GGATCG
-0.10315164528252461,TAACTG
-0.10318577857173156,GGGTAT
-0.10382804644366031,TCTTCC
-0.1038664348396755,TCCACG
-0.10399198023151181,TTTTTG
-0.10451781358376762,TCCGGG
-0.10483730564384623,GTCAGG
-0.1055624622104564,GCGGGT
-0.1057372364816329,GTACAT
-0.10583143007805107,TGGCCT
-0.1058474280263724,GATCCT
-0.10586245628307833,CTCACT
-0.10597500468406684,GATATC
-0.10628971796759021,GTGGGG
-0.10663118947616257,CACACT
-0.10699651208165961,TTTCTT
-0.10747237685176991,GCCCAG
-0.10852312666343471,GAACAG
-0.10945887524652884,TATCGT
-0.10948305295495182,CAGCTT
-0.10970171155490736,TTCCGG
-0.10976212729771828,TGACTG
-0.109924798669945,GCTCTG
-0.11021796726737645,CCGCTG
-0.11035563665592249,TTCAAG
-0.11040625610973848,GACTTG
-0.1107470418878577,CATTGT
-0.1110117886582336,GGTCGT
-0.11124222351379152,GTGCTT
-0.11127538657033549,GCTGAG
-0.11134846794872176,ATGTTT
-0.11151276961110135,GACGAG
-0.1118999334236153,TAGCTA
-0.11223720816374164,TCACCG
-0.11237074405169305,TCAGGG
-0.11373849031265898,CGAGAT
-0.11605335587315384,CCATGG
-0.11657625102530536,TCTAGG
-0.11690218940381146,GTGTGT
-0.11694698914486772,TCTAGA
-0.11775398164354406,GGGTTC
-0.11852734565457716,GATGTG
-0.11870852064436528,TCAGGT
-0.12004866765608217,TAGACC
-0.12020839036213314,TAATTC
-0.1202447573109448,GTTCAT
-0.12025753767012134,AGGCGT
-0.12038874576298905,TACAAG
-0.12039070233982396,ATTCAT
-0.12082071330380438,GGACCT
-0.12102574911518153,GTAGAT
-0.12127905761250354,TTTGAT
-0.12153585569272704,GCTTAT
-0.1217990860410368,GGTCTG
-0.12184332236976597,CCGGCT
-0.12196515081595452,GTCTAG
-0.12203235231764697,TCGAAG
-0.12213548885179913,TGAGCC
-0.12266562111439795,TGCGAT
-0.12272991796337072,TCGTTG
-0.12295514484906282,TAGTCC
-0.12368551666755308,GAGGCT
-0.12432811086143927,TCCGCT
-0.12483656667959458,TGGTAC
-0.12534322553047778,GACAAG
-0.12535126894457133,GTGGGT
-0.1255344847882824,TGGAGT
-0.12558499460622352,CTCGGT
-0.12730024644558285,CTTAAG
-0.1273258426312894,TCTATA
-0.1276310810228345,TACACT
-0.12767760940674425,GTTGCT
-0.12794690106636702,GACTTC
-0.12827100272553316,ACCTGT
-0.12832482020734343,GAAGAT
-0.12871641277042248,TCCTCC
-0.12874966156860063,CAGCTG
-0.1290102683414007,TCTGAC
-0.12955561520445283,TCCCTT
-0.1295923617363115,TTTCGG
-0.1305192658693941,TCTTTT
-0.13072894886193423,ATCGCT
-0.13078901630037287,TGTTGA
-0.1310264772687317,ACTAGT
-0.13173607617736607,GATCTC
-0.1319020245955369,TCATAT
-0.13236337936011283,TGAATT
-0.1326525026242586,CAGGGT
-0.1332598398382563,TGATTC
-0.13363358976231338,GGCCTT
-0.1337629555683742,AGGATT
-0.13379554108448968,GTCCTG
-0.1338852369583782,TTTCAT
-0.13407024100322665,TCCCAC
-0.13496873261042142,TGGGCA
-0.13533911954598557,GATTGT
-0.13547552153915254,TTCAGT
-0.13564122398455372,GCGTGG
-0.13578400205836205,TAGGAT
-0.13600558131968862,TTGGTC
-0.13603344373993229,ATATAT
-0.13656288882556286,ATCAGT
-0.13737704074716064,TTTATG
-0.13870134877152238,TATTTA
-0.1391293349846484,TTCTCG
-0.13923878673025797,GGTTGG
-0.139706978428036,GGCCGT
-0.14081915783868465,CTAGCT
-0.14108767830349495,CATGTT
-0.14124906551557828,CAGAAT
-0.1412818018384034,TAATGT
-0.1413706732980682,CAACTT
-0.14141196139191015,TTTTTA
-0.14169960397690454,TACGTT
-0.14194873167054195,CTTGCT
-0.14201270426514775,TCACAG
-0.14227711963680206,GGTATC
-0.1424262677947063,TACTCG
-0.14254893027903806,ATCTTT
-0.1431925626330955,TTCTAT
-0.1433193517986971,GTCTGG
-0.14433957349032822,CGGTCG
-0.1448382673457205,TAGGGT
-0.14540527886068616,GACGTG
-0.1455997756526186,GAGTAG
-0.1462530485027452,CGGGGG
-0.14647676547982488,TCACGC
-0.14691292357722277,GTCCAT
-0.14722221899796245,TCTGGG
-0.14750633190715062,TAGCAG
-0.1475635264940676,TGGGAG
-0.14843452243653094,GTCGAG
-0.14859966471085487,GCGTGT
-0.14862014985652638,TAGGTT
-0.14970821672602172,GATCCG
-0.15041949617567665,CAAGAT
-0.15046634708518694,GATGAG
-0.1510133048206381,GGCATG
-0.15136896026786179,CGTATT
-0.1517603553184051,CCTCGG
-0.15335509436197003,TATTCC
-0.15387220546495678,TGCGCA
-0.15464589419471997,TCAGAG
-0.15507118050119764,CGTACG
-0.15507640000476763,ATGGGT
-0.15515339693290706,TTATTA
-0.15568336573234398,GTGCCT
-0.1558256210524418,TGTACC
-0.1560577933248969,TCTCTC
-0.15614225903375337,TGAGTA
-0.15701442874809274,TAGTAG
-0.157844180555021,GGGCGG
-0.1590354341759891,TCACTT
-0.16014355062955582,TCGTGA
-0.16028929491967997,GCTACT
-0.16054345503812079,TTTAGA
-0.16057498360393074,CTGTGT
-0.16074643426266444,TCTGTG
-0.16192544397003888,GACAGG
-0.16217365325192631,GCCCCG
-0.1634748032321709,TTTGCA
-0.16402380196250818,TTAATG
-0.16448071371920223,TGAGGG
-0.16480781062179106,ACACTT
-0.16578919110205495,ATGATT
-0.16586654032065387,GACCCT
-0.16623075637893606,CTCTGT
-0.1663146674676479,CTGCTT
-0.16652139519867637,TAAGAT
-0.16670068400847524,ATTATT
-0.16742256771382588,GGGATT
-0.1674598850150102,CCCGAT
-0.1676871590454936,TTACTA
-0.16787048552212447,TCAACC
-0.16817149480220553,TCTGAG
-0.16883921253008316,TTCAGA
-0.16963263303284293,TTCTTG
-0.16986701492861664,TATATT
-0.1707743116747997,GAAGCT
-0.1710343436396213,CGTCGT
-0.17108041945019323,TATGTA
-0.17138977198846492,GGAGTT
-0.17169156191181772,TGGGGG
-0.17184252042601303,CTGGTT
-0.1727474410531219,TCTCAT
-0.1738719662876796,GCCTCT
-0.17388009167071528,CCAGCT
-0.1739595012750654,TGTCTA
-0.1750038334105782,ATGGAT
-0.17545049276128746,CTGCCT
-0.17597018323481575,GACCGG
-0.17597846907160888,TCGAAC
-0.1763136686236953,TGACAG
-0.17666420445088454,TCACTG
-0.17736356783374668,TAGACG
-0.1792106608839718,GCGTAT
-0.17949819797538077,CGTGTT
-0.1798100866942867,TGCTCA
-0.18031632765747763,TTAGCA
-0.18047679411228934,GGCTTC
-0.18087571627624646,GCATCT
-0.18151215928368458,GTGCGG
-0.1830000120078924,CCGGGG
-0.18320843673901988,TTTGAG
-0.18353323907202249,CGACGG
-0.18402956452763358,GAGGAG
-0.18448036747392246,TTCGCG
-0.1846817356187455,TAGATT
-0.1855002060887411,TCCTCT
-0.1860351263604935,TTACTG
-0.18793919761116668,GACTGG
-0.18803133084501175,TTCGGC
-0.1885578580673335,TATCTA
-0.1889934238121854,ATATCT
-0.18929530552043752,GGTAGG
-0.19107319036235995,GCAGCT
-0.1914195067977136,TTCCCC
-0.19204146486599982,TGAATA
-0.19209950775257553,TATATA
-0.19261581610720246,TGGGGT
-0.1934675072554441,CTACCT
-0.1938067814780201,GCCGTG
-0.19393157446291778,GGCAGG
-0.1954548634308814,GCTTGT
-0.1958758682066432,TGGATC
-0.19628698598290656,ATTAGT
-0.19750668831398177,CTCTCT
-0.19821086352426806,CCAGAT
-0.19897992675466147,TAACCC
-0.19931503865570677,TCACCC
-0.200082712775099,ACGGTT
-0.20217438384132,TAATTT
-0.20383450048926507,GCCAAG
-0.20457954792140667,AGTAGT
-0.20462732723128094,GGGGTG
-0.2052483865500391,CTCATT
-0.20584309198122044,GGGGCT
-0.20619335923960136,CCCTAT
-0.20777835210481704,CCGGGT
-0.20798823070998873,GAACCT
-0.20859952313230262,TTGGGA
-0.20918023921499446,TTGCTT
-0.21006968649963165,TGGTTC
-0.21168532600255457,TCAAGC
-0.21206717229480865,TTTACG
-0.21259492239394653,GACGGG
-0.2132362169180197,GTAATC
-0.21451539758757923,TTTTTT
-0.21463436638259314,TGAACG
-0.2153731938596045,TACCTG
-0.21548492558012833,TGCCTT
-0.2176506867956057,ATTAAT
-0.21883778522106875,GGTGTG
-0.21925285613933299,ATCTGT
-0.2197112235374965,GGGTAG
-0.22364201635892436,GGGGTT
-0.224512020256694,GGGTCT
-0.22614642785573294,GCCATG
-0.22640899015444202,CTCGCT
-0.22977905490283912,TGCCCG
-0.2299864155988483,GAACGT
-0.23411065837032757,GATGGG
-0.23625919571643064,TACTAT
-0.2384320942774984,TTTGTT
-0.23997210912793074,AGGAGT
-0.2406075225274009,GTCACG
-0.241161985441304,TCGATT
-0.2421020817206509,TCATCG
-0.2421959962513751,ATTTTT
-0.2436305590237354,GCTGGG
-0.24488206603569115,GGGTGG
-0.24587592896563376,TCACCT
-0.24689573640510812,GCCGCG
-0.24765926179696757,TGGTGT
-0.25485620575907003,TTGGCA
-0.2558650702125762,CTATAT
-0.25761046733750453,TGTTTG
-0.2580250149981421,TTTTGT
-0.2584143101173812,AGGGCT
-0.25913898996680435,TATTGT
-0.2599330218531758,TTCTTT
-0.2625325014843946,TCAATT
-0.2625512100083601,ATATTT
-0.2634981139107492,GGTGGG
-0.264879182604977,GGATAG
-0.2668854909889582,TCCCTG
-0.2674121403743208,GCCGAG
-0.2677883895402885,TAGCCT
-0.270358047334162,GAACAT
-0.2708835980097146,TATAAT
-0.27199057072862903,TACTTA
-0.2730110219201387,TCAACT
-0.27847049873135765,GCACGT
-0.2801913544804596,GAGGTG
-0.2803073201973868,TTATAT
-0.28109438627273875,TCTTTC
-0.2815590976441372,CGAGCT
-0.2818222098777632,CCAGTT
-0.28708664799392625,TGACCT
-0.28927069761563956,CCTGGG
-0.29052837752809424,TACGAT
-0.29351066381891094,CTAATT
-0.29410638948996537,TGAGGT
-0.2981341384666147,GAGATG
-0.3025844628601491,GGAGGG
-0.30619365619565697,CGAATG
-0.306631265178071,ACTTGT
-0.3066918131100202,TGCCTG
-0.3067216381668112,GCTCGT
-0.30720253928508057,GGCGGG
-0.3136467834085157,GACACG
-0.31464972502804345,GCCCTG
-0.3148828054847639,TGCGTG
-0.3161421654356063,GCCTGG
-0.3210165391378022,GCTCCT
-0.3224573493870651,GGGCTG
-0.32573354900650353,TTGGAG
-0.32945302441667673,TACTAG
-0.33168895066437837,GACATG
-0.33291756222186797,GTTGTG
-0.33341791323304176,TGTCGA
-0.3338144004801861,GGATGG
-0.3367565371337216,GCATAT
-0.34213825303455936,CTAGTT
-0.357116346328952,GCCCCT
-0.35730995842436203,GACCTT
-0.3661164365171727,CGTAGG
-0.36952943490695234,CCGATT
-0.385102272078947,GAGGGG
-0.38801002758687747,TATTAT
-0.3888171707703124,GAGAGG
-0.3959610214863893,GGGAGG
-0.415240904889954,TAGGGC
-0.496171854726552,GGGGGG
-0.513582607507088,TGGCCC
-0.5249277532463587,GACTAG
