,Weights,revcomp
CACGTG,1.284308661592228,CACGTG
ACGTGG,1.0606491778469236,CCACGT
CACATG,0.8373948492090412,CATGTG
CACGCG,0.8272039151642313,CGCGTG
CGTGGC,0.670157097937574,GCCACG
ACGCGG,0.663051423677176,CCGCGT
ACGTGC,0.6575386258838557,GCACGT
CGCACG,0.6565150509400962,CGTGCG
CCGGAA,0.6445953285186838,TTCCGG
CGGAAG,0.5505603865409738,CTTCCG
GCGGGA,0.5321424708788388,TCCCGC
GAGTCA,0.48531039490163197,TGACTC
GCACGC,0.4834123875486402,GCGTGC
AGCACG,0.4689083497974577,CGTGCT
ACGAGG,0.4634425617778341,CCTCGT
ATGCCG,0.45661947472014713,CGGCAT
CGGGAA,0.45208461514822196,TTCCCG
ATGTGC,0.45002057470640633,GCACAT
CAAACA,0.4377433697885448,TGTTTG
CGAGGC,0.4370432543799952,GCCTCG
ACACGT,0.4346811040216847,ACGTGT
CGTCGA,0.42819703286497846,TCGACG
GCCGGA,0.4237033315371756,TCCGGC
CACGAG,0.4217624842946983,CTCGTG
ACCACG,0.41908612151248903,CGTGGT
ACTTCC,0.40262170248328955,GGAAGT
CGTGCC,0.3992568154970286,GGCACG
GCGCGA,0.38460033763632956,TCGCGC
CGGAAC,0.3756508231734834,GTTCCG
AGAGCG,0.3737552186711869,CGCTCT
CACACA,0.37252418695430584,TGTGTG
CCGGCA,0.37143189338026,TGCCGG
TAAACA,0.3553345262050677,TGTTTA
CGCGAA,0.34904599690570653,TTCGCG
CCGCCA,0.34579009016614276,TGGCGG
AAGGCG,0.3450634535891348,CGCCTT
CGCGGC,0.3421848462622608,GCCGCG
CAACCG,0.341829499617492,CGGTTG
GCCGCA,0.3416284023939699,TGCGGC
ACGTCA,0.3345402934906129,TGACGT
GCATGC,0.3322308286269848,GCATGC
CTGGAA,0.32051563876934064,TTCCAG
ACGCCG,0.3180619206600302,CGGCGT
ACACAC,0.31676610114642073,GTGTGT
ACATGG,0.31132003452110724,CCATGT
ACCGGA,0.31048819810878475,TCCGGT
GCTAGC,0.30928591861874605,GCTAGC
GATTCA,0.3083339601145151,TGAATC
ACGCAC,0.3073805550686019,GTGCGT
GCCGTA,0.30448352891342434,TACGGC
GCCCGA,0.30367062334536477,TCGGGC
CATTCC,0.30329998148498527,GGAATG
ACGTTG,0.3009920802079609,CAACGT
GTCGCA,0.29679144253610173,TGCGAC
CCCGAA,0.2961228040133853,TTCGGG
ACAGCG,0.29500056916788875,CGCTGT
GACGCA,0.29387863203656317,TGCGTC
CGGAAA,0.2925603580949303,TTTCCG
CATGCG,0.2918825648401976,CGCATG
GCAGGC,0.2909435555077078,GCCTGC
CGTATC,0.290464502682039,GATACG
GACTCA,0.2902440543408982,TGAGTC
ATGACG,0.2897128079390165,CGTCAT
CGTGAC,0.28767538677820315,GTCACG
CCACGA,0.28690635526955266,TCGTGG
ACGGAC,0.2864261371345831,GTCCGT
CGCGCG,0.28490961380000995,CGCGCG
CATGCC,0.28453132148855464,GGCATG
GACATC,0.2828215606808182,GATGTC
ATGGCG,0.2803554217053044,CGCCAT
AGGAAT,0.27625866864338683,ATTCCT
CGTTTC,0.2757359475406882,GAAACG
AACACG,0.2711425714538136,CGTGTT
TAGTCA,0.27077390454960815,TGACTA
GTAAAC,0.2693909269453706,GTTTAC
CGCGAG,0.26736014458085494,CTCGCG
CCGCAC,0.26692523284751524,GTGCGG
ACGTTC,0.26566129846299014,GAACGT
AGCGCG,0.26537767012507846,CGCGCT
AAGAGG,0.26528267751840945,CCTCTT
AGGTTC,0.26412717375191674,GAACCT
AACGTC,0.2630350564660983,GACGTT
CTCCAC,0.26249973566184226,GTGGAG
ACCGCG,0.2622165133392166,CGCGGT
TAAATA,0.2619843736248884,TATTTA
GCTGAC,0.261534558078283,GTCAGC
AGCATG,0.26133562398028176,CATGCT
CGCCAC,0.2584813105405698,GTGGCG
ATGTGG,0.2578042818443834,CCACAT
AGCGTG,0.25687635192316743,CACGCT
CTGGGC,0.2566347887093341,GCCCAG
GAGTAA,0.25511563970733725,TTACTC
CTTCGC,0.2544888986983899,GCGAAG
ACCGAC,0.2530800796974519,GTCGGT
CCTGGC,0.2524221667468116,GCCAGG
CAAAGG,0.2496164855308896,CCTTTG
CCTTAG,0.24942273504198487,CTAAGG
ACGTAT,0.2491552126062941,ATACGT
CGTTAG,0.24769431657495647,CTAACG
CGAAAG,0.2472051669090747,CTTTCG
ACCTCG,0.24463134471554787,CGAGGT
CGTGTC,0.242419018457088,GACACG
TCAACA,0.2423896079584754,TGTTGA
GTCGAA,0.2412249227098525,TTCGAC
ACTGCC,0.24116157849784436,GGCAGT
GAGGGA,0.24043827476910948,TCCCTC
CGTGGA,0.24040193965501233,TCCACG
CGCGAC,0.2400901340503955,GTCGCG
ATGCAG,0.23938194922041622,CTGCAT
AACCAC,0.23864773122130414,GTGGTT
AAACAG,0.23850374257088652,CTGTTT
GCGGCA,0.2373477188720221,TGCCGC
TCGAAA,0.23621580580223064,TTTCGA
CCACGC,0.23487951915314464,GCGTGG
TACACA,0.23413022433113714,TGTGTA
AGTCAC,0.23333838662871056,GTGACT
GCGGTA,0.23279091286691767,TACCGC
CCATGA,0.23082823275271805,TCATGG
GTCCGA,0.22910571656208226,TCGGAC
CCCTCG,0.22905031409143103,CGAGGG
AAGCCG,0.22891184605136286,CGGCTT
AAGCGG,0.22856009032132887,CCGCTT
ATGCGG,0.22774250045758804,CCGCAT
AGCCCG,0.22553182093957996,CGGGCT
TACGCA,0.22520221870630688,TGCGTA
AACAGT,0.22449890610958073,ACTGTT
GTCGGA,0.22448209343085848,TCCGAC
ACGGAA,0.2243241002809009,TTCCGT
GACGTA,0.22373374695565806,TACGTC
ACCGTA,0.22017373724986633,TACGGT
CGATAG,0.21824082373550316,CTATCG
CGCTTC,0.2181325183961567,GAAGCG
GTGTCA,0.21781825724534665,TGACAC
GATGAC,0.21480331711663248,GTCATC
CATGAG,0.21457456003154712,CTCATG
CCGTAC,0.2144567784599301,GTACGG
ATGCTC,0.21433693705935117,GAGCAT
CGGTTA,0.21421289495066761,TAACCG
GTGCGA,0.21321913522828054,TCGCAC
CGGCAA,0.2131447739260946,TTGCCG
ACATGC,0.21129634696602972,GCATGT
CGCAAC,0.21006167302175674,GTTGCG
GCATGA,0.20998888124298476,TCATGC
CGCAAG,0.20966577409849077,CTTGCG
AATATG,0.2095954023904615,CATATT
AGGTTG,0.20953260375585703,CAACCT
ATTTAC,0.20912795753655697,GTAAAT
AGCTCG,0.20912663772621823,CGAGCT
ACCATG,0.20813465042443546,CATGGT
ACCGCA,0.2064684342236957,TGCGGT
ACCCAC,0.20643177162951631,GTGGGT
TAACGA,0.20578494610799256,TCGTTA
ATTCCA,0.20546190642819123,TGGAAT
CACACC,0.20522470361986275,GGTGTG
AGACGA,0.20475479490733037,TCGTCT
AAAGCG,0.20415533536980077,CGCTTT
CACGCA,0.20351078051206753,TGCGTG
AGGGGG,0.20262541218922625,CCCCCT
AGTATG,0.20157891765289226,CATACT
CAGCAC,0.20117688426262342,GTGCTG
CTAGAG,0.2009571191494893,CTCTAG
TCATAA,0.200759486626663,TTATGA
GCGCAC,0.1996873381092576,GTGCGC
AGTAAA,0.19942015568323995,TTTACT
ACAAAG,0.19925891616705635,CTTTGT
ACAACG,0.19841526501199377,CGTTGT
CCGAGC,0.19757162258098668,GCTCGG
GTGCAC,0.19633452984190997,GTGCAC
CGTAAC,0.19483105605599643,GTTACG
GCGCGC,0.19390083340560113,GCGCGC
GCCAGA,0.19291588406090932,TCTGGC
AACAGC,0.19290640583334498,GCTGTT
CTGGCA,0.19262246622291282,TGCCAG
GACTAA,0.19182132218244866,TTAGTC
ACGAAT,0.19169301185884105,ATTCGT
AGCTAG,0.19161704729505896,CTAGCT
CCAACG,0.1915218011568852,CGTTGG
CCCGGA,0.19122598876412386,TCCGGG
CATCAG,0.19075132522990965,CTGATG
CTCGAC,0.19065902857315303,GTCGAG
GAATAC,0.19058229350663927,GTATTC
CGTCTA,0.1905469736518408,TAGACG
AAACGC,0.18994006311299966,GCGTTT
AACCGG,0.18930205287343976,CCGGTT
CTCGGA,0.1878014182872878,TCCGAG
TGTGAA,0.18769463343598794,TTCACA
GCGAGA,0.18767518575120626,TCTCGC
GAGTGA,0.18718110798762408,TCACTC
CCGTAG,0.18662127960559557,CTACGG
CGAACA,0.1866204258762011,TGTTCG
GCAAGC,0.1863013485280823,GCTTGC
CGGATA,0.18597492722591477,TATCCG
CGTGAG,0.18510700610842268,CTCACG
CGATCC,0.18459814648371603,GGATCG
GAGCAC,0.18446226136578742,GTGCTC
ATCGAG,0.184186533952677,CTCGAT
ATGCGC,0.18387714021094648,GCGCAT
ACTCGA,0.1836448184139866,TCGAGT
ATAGTG,0.18348799297338486,CACTAT
GACGTC,0.18348136938371606,GACGTC
TAGCAA,0.18347899992722805,TTGCTA
CTATAA,0.18324608889036229,TTATAG
CTGCGA,0.18260716226269022,TCGCAG
GTTAAC,0.18218870596754716,GTTAAC
GTAATA,0.1821511431485187,TATTAC
TCGCGA,0.18203558994511923,TCGCGA
CACCAC,0.1819364642038396,GTGGTG
GTGTAA,0.18081660978082506,TTACAC
GCCTCA,0.17967750159572732,TGAGGC
CTGCGC,0.17948564078855458,GCGCAG
AAGCAC,0.17935073625767195,GTGCTT
AGTCAT,0.179335358121275,ATGACT
AACGCC,0.17927141441381567,GGCGTT
CGGCCA,0.17919543842730695,TGGCCG
AATACG,0.17869029110271004,CGTATT
CTTATC,0.17844769223635293,GATAAG
GACGGA,0.17835522047896984,TCCGTC
ATTGAG,0.1780191256379513,CTCAAT
CTGCCA,0.177890838156796,TGGCAG
CATGGC,0.17754211690777016,GCCATG
ATTATG,0.17745958019665828,CATAAT
CCGCTC,0.17745248533050667,GAGCGG
CCTGCA,0.17720388878884735,TGCAGG
AAAACC,0.17648368250293764,GGTTTT
ACTTTA,0.1761108188584141,TAAAGT
TACATA,0.17593006870930722,TATGTA
ACGGCG,0.1759098176181212,CGCCGT
GCCTGA,0.17540128147063366,TCAGGC
GGGTAA,0.17355522708560517,TTACCC
ACGAAG,0.17310089783889357,CTTCGT
GCGTAC,0.17241869568306542,GTACGC
CCAGTA,0.17195478100948455,TACTGG
CACGGG,0.17135237701002679,CCCGTG
GGCGGA,0.17121504080218308,TCCGCC
CTATAC,0.17111682023357228,GTATAG
GGCCAC,0.1707185023714012,GTGGCC
CTCCGC,0.1705724564013374,GCGGAG
TCGACA,0.17047377366522878,TGTCGA
GCGGAA,0.17036078714629804,TTCCGC
TGCGCA,0.16950703733565775,TGCGCA
ACTACG,0.16930354735898445,CGTAGT
TCGTAA,0.16900850252145874,TTACGA
CTAGAA,0.1683974175681267,TTCTAG
CAACGA,0.16819616587781963,TCGTTG
CCGTCG,0.16786611953035316,CGACGG
CTGGGA,0.1678083915529526,TCCCAG
AGGTGC,0.1675557341763134,GCACCT
AGGCCG,0.16742644415442237,CGGCCT
ACGCCT,0.16699149629822024,AGGCGT
ACTCAT,0.16689196164099973,ATGAGT
CGTCAG,0.166718238383025,CTGACG
GCTATA,0.16632488998966302,TATAGC
AGCCAT,0.16473406316519335,ATGGCT
CGCTGC,0.16430203740146562,GCAGCG
ACGCAG,0.16374325857583177,CTGCGT
TCTCCA,0.16370499552210335,TGGAGA
CAAATA,0.1636571799454174,TATTTG
GTCCAA,0.16324320355359415,TTGGAC
GGTGAC,0.1631286619508866,GTCACC
ACGCCA,0.16298384676074382,TGGCGT
AGTCGC,0.16214879498460041,GCGACT
GGTAGA,0.16187023340528853,TCTACC
ACATGT,0.16108560579814882,ACATGT
CGGCAC,0.1606846072720612,GTGCCG
CCTAAG,0.16038341401018166,CTTAGG
GGAGCA,0.15997425060395937,TGCTCC
GCGAAC,0.159913659846869,GTTCGC
AGTTCC,0.15978533511349294,GGAACT
CGTTAC,0.15954734167743648,GTAACG
CGCTAA,0.15945936480046055,TTAGCG
CAGATG,0.1593398366195962,CATCTG
CTAGCA,0.15906058447890561,TGCTAG
GAGGCA,0.15881816187184092,TGCCTC
ATTTAA,0.1586458499018628,TTAAAT
CCCAGC,0.15802778368660567,GCTGGG
CCCGCC,0.15761630772635277,GGCGGG
GGCTTA,0.1572976098987618,TAAGCC
TAGAAA,0.15708598332433496,TTTCTA
ACTAAG,0.15706120548894303,CTTAGT
CATCGC,0.1565244721591661,GCGATG
AACCCG,0.156401416979585,CGGGTT
GCTCCA,0.15636844734974012,TGGAGC
GTCCAC,0.15596379046988687,GTGGAC
GCGTGA,0.15554466680958998,TCACGC
CAACTC,0.15510817567437307,GAGTTG
CGCCGA,0.15480626062616795,TCGGCG
CCGCGC,0.15428150990616546,GCGCGG
AGGCCA,0.1537252077452078,TGGCCT
CCATGC,0.15361738161302216,GCATGG
CGGTAG,0.15349736694244123,CTACCG
GCAGTA,0.15341193576111423,TACTGC
CAGCCG,0.1531786536232868,CGGCTG
AGATTG,0.15280111093569365,CAATCT
CTTCGA,0.15279561380476336,TCGAAG
GCCCAC,0.1527699915381745,GTGGGC
GTGGGA,0.1526097088738349,TCCCAC
AATATT,0.15255299185493404,AATATT
ATGAGG,0.15206532682648435,CCTCAT
GCACAA,0.15193597816206414,TTGTGC
ACTTAG,0.15154337747665472,CTAAGT
AAACAA,0.1511531946641778,TTGTTT
CCGCTA,0.1501193420828129,TAGCGG
CAGTCC,0.14965394787542208,GGACTG
GAATCA,0.14963442383188308,TGATTC
AGGAGG,0.14957794332643856,CCTCCT
GTCTAA,0.14902891765240858,TTAGAC
CACCGG,0.14899599599711713,CCGGTG
AGATGG,0.1483352177461394,CCATCT
CTACAC,0.14831401575128228,GTGTAG
CCTCAC,0.14805106372948848,GTGAGG
TCTAGA,0.14686099096157232,TCTAGA
ACGGGC,0.14498378519862937,GCCCGT
CCTCTA,0.1449627678379894,TAGAGG
AAGGAT,0.14478881121364542,ATCCTT
GCTCGA,0.14402971999715328,TCGAGC
ACGCAA,0.14394278314030698,TTGCGT
CATACC,0.14341326611484387,GGTATG
GCAAAC,0.14333870486895423,GTTTGC
CGGCGC,0.14331734673923688,GCGCCG
AGACCG,0.14320613746913682,CGGTCT
AGAATG,0.1425553396810234,CATTCT
CAAGGG,0.14252096519593296,CCCTTG
CCGAAA,0.14169302145035348,TTTCGG
CTTTCC,0.14160754152223953,GGAAAG
CGCCTC,0.14144714791793125,GAGGCG
CAGAGG,0.14141652506721494,CCTCTG
GAATGC,0.1407201270917292,GCATTC
CCGATA,0.14062767407733215,TATCGG
AAGCGT,0.14054611732066172,ACGCTT
GAGAGA,0.14054031118498894,TCTCTC
CGAGAC,0.14046745272874617,GTCTCG
GCGGAC,0.14039197607137763,GTCCGC
ACCAGC,0.14006061781481274,GCTGGT
GATTAA,0.13995735334652307,TTAATC
TGGGAA,0.13984004147281093,TTCCCA
CCTACG,0.13976441333380926,CGTAGG
AAGCAT,0.1395177024470916,ATGCTT
GTGCCA,0.1393031053127814,TGGCAC
AACATT,0.13924394313542937,AATGTT
ACAGGA,0.13909834232163046,TCCTGT
ATGCAA,0.13901532284122653,TTGCAT
AAACAC,0.1389894711021777,GTGTTT
TAGCGA,0.13878625144198545,TCGCTA
GATGCA,0.13854529687246125,TGCATC
CGACAC,0.13813056797770684,GTGTCG
GGATGA,0.1381298310986924,TCATCC
CAGACC,0.1377978318704173,GGTCTG
CAGCAG,0.13764230901063598,CTGCTG
CGGGCA,0.13761233513754587,TGCCCG
CGCGCA,0.13718688941501994,TGCGCG
CTTGCA,0.13665590643802292,TGCAAG
GAAGAC,0.13659260820001073,GTCTTC
CAGGCC,0.1365177462886197,GGCCTG
AGCCAC,0.13641036627983702,GTGGCT
ATAGCG,0.13532461994246753,CGCTAT
GTCCTA,0.13526501516251763,TAGGAC
GAGCTA,0.13522310657575995,TAGCTC
AACCGC,0.13474338996199836,GCGGTT
AACGGA,0.13423378218809048,TCCGTT
TACTCA,0.13407016898480417,TGAGTA
ATCCGC,0.13401505722209162,GCGGAT
CCTCGA,0.13386990095129328,TCGAGG
TAGGCA,0.13354728352474984,TGCCTA
CTGATC,0.1335267552108941,GATCAG
CGATTA,0.13342301544082738,TAATCG
CGGTCC,0.13261404639340088,GGACCG
GCTCTA,0.13233834844301834,TAGAGC
ACTATG,0.13181576981222964,CATAGT
CGCTAC,0.1314686440156085,GTAGCG
CCGTTA,0.13127935925571832,TAACGG
CACGCC,0.13122376743182018,GGCGTG
CATAGG,0.13114189467808648,CCTATG
TCACCA,0.13108787290322013,TGGTGA
CCGGTC,0.1310853933817525,GACCGG
CGTGTA,0.1310163046930698,TACACG
CGTGCA,0.1309034903678703,TGCACG
ATTGTG,0.13088512571665523,CACAAT
CGCCTA,0.13058010598697778,TAGGCG
CAAAAG,0.13029225741774442,CTTTTG
AATTTG,0.12986072058701065,CAAATT
AAGGAG,0.1298339950570066,CTCCTT
CGCTCA,0.12958598018017142,TGAGCG
CGTCAC,0.12940857649091875,GTGACG
AAAGTC,0.1293941529224791,GACTTT
CATGGG,0.12934439412546642,CCCATG
GGCCTA,0.12932182733529207,TAGGCC
AGATAA,0.1291419901378082,TTATCT
CATGAC,0.1290187185342791,GTCATG
AGAGAG,0.12843567656261234,CTCTCT
CATCCG,0.1278946874719006,CGGATG
GCTCCC,0.1278386127956627,GGGAGC
ATACAG,0.12764078035602458,CTGTAT
AAGTAT,0.1275104878351883,ATACTT
CAGGCG,0.1272049617740098,CGCCTG
CTTGGC,0.12693868388081306,GCCAAG
CGCCAA,0.12665711410902158,TTGGCG
CGTTCC,0.1266096473496827,GGAACG
GTGGCA,0.12647945986905346,TGCCAC
GACGAA,0.12624618276327607,TTCGTC
CAACCA,0.1260549504697173,TGGTTG
TGTAAA,0.1260216200664588,TTTACA
AATCGC,0.1259151291288986,GCGATT
ACGTGA,0.12581551812446873,TCACGT
CGCCCA,0.12548075478881052,TGGGCG
GGGGCA,0.12526823457278452,TGCCCC
CCCCAC,0.12498542566079607,GTGGGG
AACAAA,0.1247593612648773,TTTGTT
CCAAGG,0.12465263578209787,CCTTGG
GCGCCA,0.12451612405928783,TGGCGC
TACAAA,0.12355221672032204,TTTGTA
GCGACA,0.12332796781515398,TGTCGC
ATGCAC,0.12332574948536314,GTGCAT
TACCCA,0.12309598946454223,TGGGTA
AGTGGA,0.12286246190848289,TCCACT
ATAAGA,0.12263490264461373,TCTTAT
CTTTAA,0.12257150925302783,TTAAAG
GTACAC,0.12256281181129608,GTGTAC
CAAGGC,0.12253974885772673,GCCTTG
TCCAGA,0.12239747445115372,TCTGGA
ATATCC,0.12226451311794899,GGATAT
ACGCTC,0.12216323336937054,GAGCGT
CAAGCC,0.1220781804265457,GGCTTG
CGCTAG,0.1220646188032257,CTAGCG
AACGAC,0.12200232928584939,GTCGTT
CCATCC,0.12185010910859273,GGATGG
AACGTG,0.1217998545220092,CACGTT
GAAGGC,0.12168429773349894,GCCTTC
CACTTC,0.12136081304137111,GAAGTG
GCCGAC,0.12131127396124786,GTCGGC
CAGAAG,0.11999354040836507,CTTCTG
GTCATA,0.11995013957159258,TATGAC
CAGCTG,0.11966063702795786,CAGCTG
AAGCAA,0.11961538173287548,TTGCTT
ACCCTG,0.11923975401551432,CAGGGT
AATCCG,0.11908989820217214,CGGATT
ACATCA,0.11897547532583418,TGATGT
AACGCA,0.11879168394588514,TGCGTT
CAGGCA,0.11867644816418706,TGCCTG
AGGATA,0.11853824387240958,TATCCT
GGCGCA,0.1181773046060063,TGCGCC
ATGCAT,0.11806758978332632,ATGCAT
AACATC,0.11806482956938573,GATGTT
CAAATC,0.11750935591528329,GATTTG
GAGAAC,0.11709519803311268,GTTCTC
AGTCCG,0.11709364898456569,CGGACT
GAACAC,0.11666223429572523,GTGTTC
AGCGGA,0.11658509999043654,TCCGCT
CAACAA,0.1165594345348777,TTGTTG
GGACAC,0.11654960456175581,GTGTCC
CGGACG,0.11637434178800285,CGTCCG
GGTTAC,0.1163633154731706,GTAACC
GGCTAC,0.11624454736029242,GTAGCC
ATATAT,0.11616810202381718,ATATAT
GGGGAA,0.11555342769940265,TTCCCC
ATGGGC,0.11522483158931246,GCCCAT
ACCACC,0.1151920357410733,GGTGGT
ACCAGG,0.11505799521898427,CCTGGT
CAGTGA,0.1150178741926315,TCACTG
CGCGCC,0.11481880403560116,GGCGCG
ACACGA,0.11444651992032963,TCGTGT
ACTATC,0.11424535604922137,GATAGT
TAATCA,0.11422590528971599,TGATTA
ACAGGG,0.11422480837340226,CCCTGT
ACGATG,0.11406977371468807,CATCGT
GTATAC,0.1139573174977676,GTATAC
ACCAGT,0.11394182591280266,ACTGGT
TCTGCA,0.11388238237381064,TGCAGA
AAATCC,0.11369430043311488,GGATTT
CGTACG,0.11363458607785745,CGTACG
CGTTCA,0.11353944391980499,TGAACG
GCCCAA,0.11301241142950728,TTGGGC
CACCAG,0.11257509061902608,CTGGTG
GATTGC,0.11240350142396288,GCAATC
AACAAC,0.11231048447439863,GTTGTT
CTAGGC,0.11203408466706886,GCCTAG
GTGTGA,0.11181135100825519,TCACAC
CATTGC,0.1116783958497574,GCAATG
ATAAAC,0.1114240167098908,GTTTAT
CAGCTC,0.11139552814413559,GAGCTG
ACTAGA,0.11133740641756376,TCTAGT
ACAGCT,0.11063006770362374,AGCTGT
ATCGTC,0.11061782516402166,GACGAT
TAAAGA,0.11021600315438447,TCTTTA
ACGCGA,0.10996020267322006,TCGCGT
CCGAAC,0.10977440119462373,GTTCGG
CCCGAG,0.10968428945769863,CTCGGG
CACAGC,0.10957232134118612,GCTGTG
ACAATG,0.10899325530344171,CATTGT
ATCCGG,0.10897317960187557,CCGGAT
GATTTA,0.10882415531207212,TAAATC
CCGTCA,0.1085674664882948,TGACGG
GCGCTA,0.10846466404694391,TAGCGC
ACGGTC,0.10841324920102213,GACCGT
GGTTAA,0.10829466746553486,TTAACC
CCAAGC,0.10822135871872252,GCTTGG
CCGACG,0.10812682308066983,CGTCGG
AAAACG,0.10791621966915572,CGTTTT
CGGTAA,0.1077050555377019,TTACCG
TATTCA,0.10763243726565629,TGAATA
AGTGCA,0.10757951218614818,TGCACT
CTTTGC,0.10727672056583215,GCAAAG
AATTCT,0.10715069906065076,AGAATT
CGAAGA,0.10697523059761076,TCTTCG
CAGCGC,0.10680940199948147,GCGCTG
ACCCGT,0.10658510141468405,ACGGGT
TGCCAA,0.10647254411833111,TTGGCA
ACTCAG,0.10603862197411114,CTGAGT
TCATCA,0.10565137819661113,TGATGA
CATAAA,0.10556664200184881,TTTATG
CCTGCC,0.10549556358313478,GGCAGG
GTGCAA,0.1051239716264412,TTGCAC
GACTGA,0.10486086183187848,TCAGTC
GCTGCA,0.10435718988535019,TGCAGC
ATCACG,0.10423504278940122,CGTGAT
ACGCTA,0.10412634759918274,TAGCGT
AACAGA,0.1037106482951778,TCTGTT
CCTTGC,0.1036965742774364,GCAAGG
GGAAAC,0.10368557670437142,GTTTCC
CCTGAC,0.10360632615103017,GTCAGG
CCCTCC,0.10330800025403747,GGAGGG
GGTACC,0.10326270208496502,GGTACC
CGACCG,0.10319089594917295,CGGTCG
ATACGC,0.10317927677450066,GCGTAT
CATGCA,0.10290087527630667,TGCATG
AGTTGA,0.10285400583130527,TCAACT
CTGAAC,0.10248635787556233,GTTCAG
CCTAGC,0.1024099612844108,GCTAGG
TAGACA,0.10221304950024396,TGTCTA
TCCTCA,0.10219693061694217,TGAGGA
ACAGTG,0.10206498866662296,CACTGT
GCCTAA,0.1019192986571091,TTAGGC
CAACCC,0.10177115701832012,GGGTTG
CGGACA,0.10167644100562948,TGTCCG
CCTTTA,0.10159636177190287,TAAAGG
GAGTGC,0.10143853336401812,GCACTC
GCCACA,0.10125829167390342,TGTGGC
ATGATG,0.10100873332236102,CATCAT
CATTAG,0.10097453667700143,CTAATG
ACCCGC,0.10075372534348445,GCGGGT
GCAGAA,0.10066178150380202,TTCTGC
GTGAGA,0.10060828891739851,TCTCAC
GAGGTA,0.09991864320778199,TACCTC
AAGTCG,0.09982250699979034,CGACTT
CATTAC,0.09964351516208092,GTAATG
CTCCAG,0.09926511608961916,CTGGAG
GCCCCA,0.09917471908765399,TGGGGC
ATCGTA,0.09842422138490106,TACGAT
GCACTA,0.09833439169033391,TAGTGC
ATGCGA,0.09780862987260384,TCGCAT
ATTGCG,0.09772198586695763,CGCAAT
CCTCCC,0.0976191106596599,GGGAGG
CGTAAA,0.09761568814523514,TTTACG
GACGCC,0.09759726708916097,GGCGTC
CATAGC,0.09746385080983583,GCTATG
ACTTCG,0.09728975169545508,CGAAGT
CCAGAC,0.09718097129231666,GTCTGG
CCAGCG,0.097078411809523,CGCTGG
ACACCG,0.09683753300863668,CGGTGT
CATTCG,0.09649331908860341,CGAATG
CAGGAA,0.09647617301980327,TTCCTG
TCCGGA,0.09638480667420708,TCCGGA
CACTGG,0.096289503443174,CCAGTG
CCTAGA,0.09623683513648815,TCTAGG
GGTACA,0.0958297439354728,TGTACC
GCCCTA,0.09573864912328314,TAGGGC
ATTTGA,0.09572448520451929,TCAAAT
AGGGAG,0.0956787484626222,CTCCCT
CCACCA,0.09562586379438019,TGGTGG
AAAATG,0.09529050194810834,CATTTT
GAAAAC,0.09526849396418882,GTTTTC
CTCGAG,0.09524918062245323,CTCGAG
ATAGAG,0.09517530862178306,CTCTAT
GCGCAA,0.09510933202777445,TTGCGC
GCACGA,0.0946883032362452,TCGTGC
CGGCGA,0.09437794426433527,TCGCCG
CCGCAA,0.09425386023150821,TTGCGG
CCCAGA,0.09418993983196178,TCTGGG
GCTAAA,0.09301510708199653,TTTAGC
AGTTGC,0.09288993311673646,GCAACT
ATTGCA,0.09262044975985398,TGCAAT
CAACAC,0.09245165322738078,GTGTTG
CTCACC,0.09240294591046089,GGTGAG
TAGTGA,0.09226885394889818,TCACTA
CAGGGA,0.09215728438258113,TCCCTG
AAATTC,0.09195833725612954,GAATTT
ATCTAA,0.09184346051229868,TTAGAT
CAACTG,0.0915587937989403,CAGTTG
ATTGCC,0.09083417433986807,GGCAAT
ACTAGG,0.09059614809001076,CCTAGT
GCGGCC,0.0905426161554852,GGCCGC
TGGTAA,0.09005944040200713,TTACCA
GTAGAA,0.09005093236302854,TTCTAC
CAGGGG,0.08983669932122533,CCCCTG
ATTTCA,0.08982796783512091,TGAAAT
CCGTCC,0.08975386470211276,GGACGG
ATCGGA,0.08928444892697958,TCCGAT
TGTACA,0.08926693493726989,TGTACA
TCTACA,0.0891388829830223,TGTAGA
CCAGCA,0.08899713058200169,TGCTGG
ACAACT,0.08897661898248177,AGTTGT
ATTACC,0.0888624746319304,GGTAAT
AAATAC,0.08869462587853488,GTATTT
CCCCGA,0.0885241347411989,TCGGGG
CTTTCA,0.08830741071642377,TGAAAG
CCCCTA,0.0880618451769117,TAGGGG
GTATCA,0.08799254620619125,TGATAC
TACGAA,0.08746356360109186,TTCGTA
ATGGAC,0.08737217768176903,GTCCAT
ACAGGC,0.08734796189946885,GCCTGT
GTCGTA,0.08704757990820573,TACGAC
GAGACA,0.08682905035656707,TGTCTC
CACGGC,0.08663893461905081,GCCGTG
AGTCGA,0.08613647400585536,TCGACT
TAGCTA,0.0859716966069096,TAGCTA
AGCAGG,0.08582436648487589,CCTGCT
GAGAAA,0.0853630927722743,TTTCTC
CATAGA,0.0851210329206914,TCTATG
ACATTC,0.08490879975275481,GAATGT
ATTCAC,0.0848534428540676,GTGAAT
GGTCAC,0.08465809309174761,GTGACC
GGTGGA,0.08457027081252311,TCCACC
GGGAAA,0.08420106605237329,TTTCCC
GTCGAC,0.08414543652589458,GTCGAC
CCAAAG,0.08413387910576783,CTTTGG
AACCCC,0.08412894075756557,GGGGTT
CTAACC,0.08403374460754537,GGTTAG
CCAGAA,0.08374875344109754,TTCTGG
AGACTG,0.08360367964671682,CAGTCT
CACTAA,0.08341551887631883,TTAGTG
AATCGG,0.08325470365506034,CCGATT
CCGGGA,0.08314739336852704,TCCCGG
TGAGCA,0.08297092509664951,TGCTCA
ACTCAC,0.08283629765437543,GTGAGT
GCGATA,0.08263142239918805,TATCGC
AAACTA,0.08254995208040389,TAGTTT
TAATGA,0.08251916941664694,TCATTA
CACTCG,0.0824364714504998,CGAGTG
CTATTA,0.08238979305105214,TAATAG
CGGTGA,0.08222284676505685,TCACCG
CGGAGA,0.08215044347470216,TCTCCG
CATCCA,0.0820580601910458,TGGATG
CGAAAC,0.0818714564166217,GTTTCG
GCTGAA,0.08186776900309616,TTCAGC
GCTAAC,0.08181271141383091,GTTAGC
CTATGA,0.08172281599859316,TCATAG
CGGTGC,0.08169771066323854,GCACCG
ACAAAC,0.08166801626462841,GTTTGT
AAGGGG,0.08164351536207852,CCCCTT
ATTGAC,0.08161012889233098,GTCAAT
GATTGA,0.081594089744031,TCAATC
AACTGC,0.08152283918874148,GCAGTT
AGCGTC,0.08116832080879909,GACGCT
GGCAAA,0.08113432051883389,TTTGCC
TCACGA,0.08110742314597276,TCGTGA
GGGTCA,0.08102028604003153,TGACCC
ACACCC,0.08089169719836757,GGGTGT
GTCAAC,0.08089004011462268,GTTGAC
CGGCAG,0.08064254530573028,CTGCCG
CAATGA,0.0802144541103212,TCATTG
GAATTC,0.0801038168263199,GAATTC
CAATCC,0.07995029781466999,GGATTG
AGCCCT,0.07960936835176723,AGGGCT
GCAGAC,0.07947118291192223,GTCTGC
AATGCA,0.07913441797222309,TGCATT
CTTTTC,0.07909375768769789,GAAAAG
CCGCGA,0.0790881599741387,TCGCGG
AGCAAT,0.07883193111982159,ATTGCT
CCGTAA,0.07882314888418124,TTACGG
CCACAA,0.07873705396223588,TTGTGG
CTCCAA,0.0784691627482298,TTGGAG
CGAACG,0.0783108354979863,CGTTCG
GTACCA,0.07795544970206851,TGGTAC
AAAAGG,0.0778319658603891,CCTTTT
GCCTTA,0.07779831296787143,TAAGGC
TCTTAA,0.07779443749167438,TTAAGA
AAAAGC,0.07769292883884475,GCTTTT
AACAAT,0.0776904687753561,ATTGTT
GCTTAA,0.07769015426881512,TTAAGC
CGAATC,0.07767420895097578,GATTCG
CGCGTA,0.0774638200196515,TACGCG
ACTGCG,0.0774354950480667,CGCAGT
AAGAAT,0.07740481805579084,ATTCTT
AGATGA,0.07729974617046655,TCATCT
CAATAA,0.07704126109424966,TTATTG
AGTTTG,0.07689069469247597,CAAACT
ATCGCC,0.07687144115040924,GGCGAT
TACCAA,0.0767444814256272,TTGGTA
GGACCA,0.07662220826668815,TGGTCC
AATACC,0.07661912876727392,GGTATT
CGAGCA,0.07635976274896158,TGCTCG
AAGGGC,0.07624807476700006,GCCCTT
TCCACA,0.07606417624054945,TGTGGA
GGAGAC,0.07596599131228002,GTCTCC
ACCCCG,0.07594998795944485,CGGGGT
AAACCA,0.07574378448562182,TGGTTT
ACTCAA,0.07564047258453056,TTGAGT
AGCGCA,0.07549564929950149,TGCGCT
CATCAC,0.0753807652214464,GTGATG
AACATG,0.07536107206847771,CATGTT
AACAAG,0.07529619494547354,CTTGTT
CATTGA,0.07528581586759255,TCAATG
ATCAGC,0.07522055541879279,GCTGAT
AAAGTA,0.07478410545301493,TACTTT
ACGCGT,0.0746091201180502,ACGCGT
CAGAGC,0.07455638691869564,GCTCTG
AAGTGA,0.07435032998024696,TCACTT
ACGGCT,0.0743205888524828,AGCCGT
GCGTCA,0.07418206981108424,TGACGC
CTCCTC,0.0741227594008857,GAGGAG
CGACTA,0.07396616513955122,TAGTCG
ATTACG,0.07391956758326748,CGTAAT
AAAGCA,0.07361881913846742,TGCTTT
ATTTCC,0.07359715371633123,GGAAAT
ACTTTC,0.0734987849553636,GAAAGT
AGGCGA,0.07255135125845887,TCGCCT
AGCAAA,0.0724317699421192,TTTGCT
CCTTCG,0.07241334728116933,CGAAGG
AGGTCA,0.07233398111072382,TGACCT
AGTACG,0.0721783356761834,CGTACT
AATGTG,0.07216217070081722,CACATT
ATAGAC,0.07209273595393252,GTCTAT
ATGTTA,0.07180837901258165,TAACAT
AATCAT,0.07179606811290044,ATGATT
CTCGTA,0.07163244973193542,TACGAG
AAAGGG,0.07146198337246164,CCCTTT
GAACTA,0.07135367333761213,TAGTTC
AACGCT,0.07126516536441423,AGCGTT
ACAGAG,0.07119203178995907,CTCTGT
CCACTA,0.07072037310559218,TAGTGG
GAATGA,0.06996304623054014,TCATTC
AGAACA,0.06976128346406182,TGTTCT
ATATGC,0.06975671919627922,GCATAT
ACTGGA,0.0697540339069773,TCCAGT
CAACTA,0.0697383755928137,TAGTTG
GCCTAC,0.06973785896633297,GTAGGC
GATGGC,0.06961271486393877,GCCATC
CCTCAA,0.06946607181254066,TTGAGG
AACGAG,0.06912446146410736,CTCGTT
GTGGAA,0.06887473023026906,TTCCAC
ATGCCA,0.06873823572485546,TGGCAT
ACCTTA,0.06871682298524946,TAAGGT
AGGCGG,0.06871676612999031,CCGCCT
ACGTAG,0.06866507366664154,CTACGT
AGAGTG,0.06851531341348245,CACTCT
GAGTCC,0.06848139935162358,GGACTC
GTCAGA,0.06845819475161308,TCTGAC
GAAGCC,0.06843800132243676,GGCTTC
AAAAGT,0.0680792512643834,ACTTTT
CCAAGA,0.06800581880157514,TCTTGG
CCTCGC,0.06799062618831189,GCGAGG
CCTTGA,0.06788190028487001,TCAAGG
GATAAA,0.06783965599075678,TTTATC
GAGATA,0.06780084496670356,TATCTC
CTGCTC,0.06771838178284888,GAGCAG
GAAGTA,0.06770789899073892,TACTTC
CCTGGA,0.06746181171198948,TCCAGG
GTTGCA,0.06745443409617556,TGCAAC
CCGGCG,0.06744172188188234,CGCCGG
GGTCAA,0.06709728356378275,TTGACC
CGAAGC,0.06705460856556751,GCTTCG
CCGCCC,0.06700720418079402,GGGCGG
CAGATA,0.06697983144020073,TATCTG
AAGCTC,0.0668961300121341,GAGCTT
CCTTTC,0.0668288216086209,GAAAGG
AGCACA,0.06662651216994023,TGTGCT
CCAGGC,0.06661952134537277,GCCTGG
CGTCCA,0.06659930577236811,TGGACG
ACTGGC,0.06640829338982514,GCCAGT
CCCCCA,0.06611782982761027,TGGGGG
CCCGCG,0.06597593916085047,CGCGGG
AAGATG,0.06589241874680327,CATCTT
CTGTTA,0.06572865397143472,TAACAG
ACCACA,0.0656667548170363,TGTGGT
ACTGCT,0.06560595250573892,AGCAGT
ATGTGA,0.06558583414138504,TCACAT
CGGCTA,0.06553043179599767,TAGCCG
ATCCGA,0.06523277094470029,TCGGAT
GTACTA,0.06498423983441882,TAGTAC
CGCATA,0.06485361474183493,TATGCG
GGGTGA,0.06482645739523539,TCACCC
AGTAGG,0.06440533091151572,CCTACT
CAAGTA,0.0642650106021087,TACTTG
AGAGAT,0.06422371455628019,ATCTCT
AAATAT,0.06416914025183232,ATATTT
GAGGAC,0.06394639373702485,GTCCTC
AGTCAG,0.06391184944272975,CTGACT
ATCGGC,0.06379117638200199,GCCGAT
CGTTGC,0.06377939910311703,GCAACG
AGGTTA,0.06372952718401564,TAACCT
ACTTAC,0.06369260056368342,GTAAGT
CGATAC,0.06362754829016264,GTATCG
CGACGA,0.06321604487068874,TCGTCG
ATCGCA,0.06321195550785548,TGCGAT
ACTACA,0.06319827777999051,TGTAGT
GGGCGA,0.06318629147996407,TCGCCC
AACTAC,0.06258207578851772,GTAGTT
ACGCGC,0.06256686591967059,GCGCGT
CAGCCA,0.06251137396714983,TGGCTG
ACTGAA,0.06247076031302808,TTCAGT
TATAGA,0.062461225156062936,TCTATA
TAAGAA,0.06233204134292955,TTCTTA
GCCACC,0.06218532678957635,GGTGGC
TTCGAA,0.062126631351226896,TTCGAA
GGGACC,0.06157065437818869,GGTCCC
CGGAGC,0.06122323525542896,GCTCCG
TCAGCA,0.061149301994534964,TGCTGA
CCTACC,0.061084919065489914,GGTAGG
CCACCC,0.06068583168902585,GGGTGG
ATATGA,0.06063489126013978,TCATAT
ACTAGT,0.06062807447883358,ACTAGT
GGGCCC,0.060577892031244966,GGGCCC
GAAAGA,0.0605413400641829,TCTTTC
CGCAGA,0.06023913181935505,TCTGCG
ACGCTG,0.060157878564883575,CAGCGT
GGAAAA,0.06012544842375334,TTTTCC
TCAGAA,0.059885460007129535,TTCTGA
CGTCAA,0.05962724644580981,TTGACG
ATATGG,0.05956795451551583,CCATAT
CGCCGC,0.05956194034471164,GCGGCG
GGACAA,0.05937786678240895,TTGTCC
AGTACC,0.05931909500169456,GGTACT
AAAGGC,0.05921200738182278,GCCTTT
AGCCAG,0.059162962933260864,CTGGCT
CCATTA,0.05913183648453016,TAATGG
ATTCAA,0.059025954333821275,TTGAAT
CTTCCC,0.05890838898196697,GGGAAG
CGATTC,0.0588898561753039,GAATCG
AAACCC,0.05886875976925986,GGGTTT
AAATCT,0.05885153180157982,AGATTT
CCCACG,0.0587502671297085,CGTGGG
CAGGGC,0.05867250843335746,GCCCTG
CGTAAG,0.05861874789851994,CTTACG
GCGAAA,0.05814651919637907,TTTCGC
AATATC,0.05807186043882794,GATATT
GTGCTA,0.05803452168059413,TAGCAC
AGATAG,0.057932872518680324,CTATCT
CTGCAC,0.05732007221903356,GTGCAG
CAGACA,0.05699457569951615,TGTCTG
AAACGG,0.05692293008753402,CCGTTT
AGAGGC,0.05685700507384076,GCCTCT
ATCCAC,0.05636514821208557,GTGGAT
AGCCAA,0.0563469246008448,TTGGCT
TAAGCA,0.056213189728762346,TGCTTA
CCCCGC,0.05617467366918856,GCGGGG
ACTTAT,0.05592856398382496,ATAAGT
GCAGCA,0.0557782451141229,TGCTGC
GGCTCA,0.05572283870994189,TGAGCC
GAAATC,0.05563137918495287,GATTTC
AGGCAC,0.055628824346671914,GTGCCT
AGGGAA,0.055375821423761074,TTCCCT
AACTAT,0.05526295327195015,ATAGTT
CTCGCA,0.0551930151279235,TGCGAG
GTAGCA,0.055165962969853856,TGCTAC
CATTTC,0.05495820000578888,GAAATG
CTAGCC,0.054733251110104436,GGCTAG
ACCAAG,0.05468268540759375,CTTGGT
ATCAAA,0.05435228799870212,TTTGAT
AGTCGG,0.05432006975917386,CCGACT
GTCACA,0.05428658967298743,TGTGAC
CGGGCC,0.05419142181189892,GGCCCG
CGCATC,0.054014179797260156,GATGCG
ATGTAA,0.05394821187297309,TTACAT
AAGACG,0.053909690471515156,CGTCTT
GCGCCC,0.05369682603844714,GGGCGC
ATCCTG,0.0536164939607651,CAGGAT
AAACGA,0.05351741455502427,TCGTTT
CTGGCC,0.05343575159292715,GGCCAG
AAGCCT,0.05323362458042553,AGGCTT
AGTAAT,0.053099334542162195,ATTACT
GTACAA,0.053049500795734256,TTGTAC
ATCAAC,0.053012086831913025,GTTGAT
TAACCA,0.052758450199640025,TGGTTA
AGGGAT,0.052702979018596115,ATCCCT
ACCGAG,0.052273233174705766,CTCGGT
AGGTAG,0.05206133523673919,CTACCT
GTTCGA,0.05189621355483579,TCGAAC
ACATAT,0.051395249274089005,ATATGT
AGTCTA,0.051368417585802795,TAGACT
TATTGA,0.051144029780443016,TCAATA
CCAGGA,0.05090058767617213,TCCTGG
CCACAC,0.050848903124844184,GTGTGG
CAGGAC,0.050830267172405665,GTCCTG
GTCTTA,0.05066639640568904,TAAGAC
AATCTA,0.05062756974535868,TAGATT
GATATA,0.05056228227158483,TATATC
AGCGGC,0.05036499006056998,GCCGCT
AAGACT,0.05033968972825057,AGTCTT
CAATTG,0.05021041601221884,CAATTG
ATAGGG,0.04976925620728792,CCCTAT
TGTCAA,0.04954112396425112,TTGACA
ACGGCC,0.04936070973993055,GGCCGT
ATGTCA,0.04915175590649073,TGACAT
CATGGA,0.04858366413446369,TCCATG
AGATTA,0.048405090810170644,TAATCT
CGCACA,0.04833514966818266,TGTGCG
GATACA,0.04780230418904267,TGTATC
GCTTAC,0.04771398987747753,GTAAGC
ACCCAG,0.04762008842781005,CTGGGT
ACCTAA,0.047600822493220014,TTAGGT
GGGGTA,0.047393009124787736,TACCCC
CGGGTA,0.04736920774287297,TACCCG
AGGACG,0.047055456006284954,CGTCCT
AAGGCA,0.04698043532365913,TGCCTT
ATCACC,0.046931768456183076,GGTGAT
GTAGAC,0.046562900078955145,GTCTAC
GTTGAA,0.04649316256576523,TTCAAC
CCATCA,0.04648731743717937,TGATGG
ACGGTG,0.046029229114022054,CACCGT
CCCTAG,0.04599291456920662,CTAGGG
TCAGGA,0.04578627886914976,TCCTGA
AACCAT,0.04523137023100181,ATGGTT
TGCGAA,0.045198452682600546,TTCGCA
GTTATA,0.04501344114944236,TATAAC
AAAGCT,0.04500786293773765,AGCTTT
CCATCG,0.04492550216286034,CGATGG
AATAGT,0.04474022369570444,ACTATT
AGCGCC,0.04467331322693618,GGCGCT
CGCCAG,0.044496748555159386,CTGGCG
AGAGTA,0.04432702444478597,TACTCT
CGACGC,0.043991545627471075,GCGTCG
AATTCC,0.04396258817688345,GGAATT
ATGCTG,0.043511033790103966,CAGCAT
AAATGC,0.04336954040983653,GCATTT
GACATA,0.04332431061601896,TATGTC
GCCAAC,0.0429226891608409,GTTGGC
CCCTAC,0.04291869059156607,GTAGGG
ACCGCC,0.042682286308984047,GGCGGT
CTGACC,0.04267302914430121,GGTCAG
GTCTGA,0.042626851488389024,TCAGAC
AAACAT,0.04216774205807624,ATGTTT
CCTTAC,0.041885282616520254,GTAAGG
AGGCAG,0.0418205985456932,CTGCCT
CATTGG,0.04179159629428804,CCAATG
ATCTTG,0.041762868301554394,CAAGAT
ACAATC,0.041482033065612996,GATTGT
GAGGCC,0.04133708310464285,GGCCTC
CGTCGC,0.041234930307995465,GCGACG
ATTTAG,0.04114704179298885,CTAAAT
GACCAC,0.0411242244981838,GTGGTC
ACACAG,0.040702950038283184,CTGTGT
AATTTC,0.04063297793463387,GAAATT
CACCGA,0.040476388016165606,TCGGTG
TCCAAA,0.040474701085471354,TTTGGA
CCCCAA,0.04032917551567048,TTGGGG
GAACCA,0.04031865502232477,TGGTTC
CCTAAC,0.04024856428917721,GTTAGG
AACGGC,0.04003216683006333,GCCGTT
AACTTC,0.04000960424211327,GAAGTT
ACACAT,0.03987367500060403,ATGTGT
ACGGAG,0.03985561811975386,CTCCGT
CAGCGA,0.039528344641721135,TCGCTG
CGAACC,0.0392200335739368,GGTTCG
AACGCG,0.039212610909577235,CGCGTT
CACCAA,0.03917516034780825,TTGGTG
CCTCCA,0.038911123941448564,TGGAGG
AGAGTC,0.038898426227120496,GACTCT
AGTAAG,0.03884230887272616,CTTACT
AGGGCG,0.0387750010747494,CGCCCT
GAGGAA,0.03866052830218556,TTCCTC
ACGGGA,0.03860156329589079,TCCCGT
ACTCTC,0.038568808307555866,GAGAGT
GAATAA,0.03826476968216432,TTATTC
ATCTCA,0.03822063576270831,TGAGAT
GCGTTA,0.03814183734713033,TAACGC
AAGTTG,0.03804624494025453,CAACTT
ACGTCT,0.03789485023238386,AGACGT
GAACGC,0.03783040309705199,GCGTTC
AACCTT,0.037767623543465384,AAGGTT
CGATCA,0.037760757536592304,TGATCG
AGCAAC,0.03773375907651424,GTTGCT
ATGTAG,0.03768439974046823,CTACAT
CTACTA,0.03757804895387805,TAGTAG
CATATG,0.03745858553376102,CATATG
AATAAC,0.037434520945283954,GTTATT
ATGCTA,0.037423655149164896,TAGCAT
CAGCGG,0.037417937259855594,CCGCTG
AAAGAC,0.03739424923066436,GTCTTT
TCCGCA,0.03721666172984709,TGCGGA
CTCAGC,0.0371577493656528,GCTGAG
TATGCA,0.037030289473148514,TGCATA
GCGACC,0.03702271075027392,GGTCGC
CAAGTG,0.036715770455241714,CACTTG
GGAGGA,0.03643009453176678,TCCTCC
AGATCC,0.03639867766216467,GGATCT
CAACAG,0.03631996189674936,CTGTTG
ATGGCC,0.03629642100488729,GGCCAT
CCCCAG,0.03616254895575822,CTGGGG
CTATCC,0.03607093144378028,GGATAG
CTCATA,0.035922105449339235,TATGAG
CTCAGA,0.03584972007251032,TCTGAG
CGGTAC,0.03563246597828523,GTACCG
ACCCAA,0.035382386430938544,TTGGGT
GCATAA,0.03521921924801627,TTATGC
CGAAAA,0.03515621926823648,TTTTCG
TACGTA,0.03491496958258171,TACGTA
CGAGAG,0.03462412174779102,CTCTCG
AATAGC,0.034613734418682346,GCTATT
TATCAA,0.03460911355681018,TTGATA
CTGAGA,0.03449886248786473,TCTCAG
ACTAAT,0.0343993429498879,ATTAGT
AAGGCC,0.03439807477711791,GGCCTT
GACCTA,0.03429680035161575,TAGGTC
GCCAGC,0.03428688792288928,GCTGGC
CACTCC,0.03428105684728131,GGAGTG
CCAGAG,0.0341973353751002,CTCTGG
ACAAGG,0.034109663014899476,CCTTGT
AATCGA,0.03407290335584158,TCGATT
CTTGTA,0.03374884401753614,TACAAG
AACCCA,0.03362727259721404,TGGGTT
ACCTCC,0.033415983213721696,GGAGGT
CCCGGG,0.03322856169128498,CCCGGG
TTGCAA,0.0328733146607989,TTGCAA
AAGTAG,0.032862617636383804,CTACTT
AAATGA,0.03274346787265517,TCATTT
AACACC,0.032720338874094985,GGTGTT
GCTTCA,0.032656305808607226,TGAAGC
AGCTTG,0.03233292123608891,CAAGCT
CCGGTA,0.03229731938558103,TACCGG
CAAGAC,0.03229459452678369,GTCTTG
AATCAG,0.032238302399671244,CTGATT
CCGGCC,0.03218523962323561,GGCCGG
ATACCG,0.03216766307887322,CGGTAT
TAGATA,0.03201694255116759,TATCTA
GAGGGC,0.0318901148484315,GCCCTC
TCGTCA,0.03183935324949007,TGACGA
CTTCTC,0.03162039972099316,GAGAAG
AGAATC,0.03155319362734251,GATTCT
ACAGCA,0.03136396114661313,TGCTGT
GCACCA,0.030706489841898724,TGGTGC
CACTCA,0.030494886069334405,TGAGTG
GCATCC,0.03039388274462755,GGATGC
CATCTA,0.03035056387003918,TAGATG
CACCTA,0.03008190415081361,TAGGTG
CATCAA,0.029877894545841728,TTGATG
CAGTTA,0.029822665683474185,TAACTG
GGATAC,0.029716722205337644,GTATCC
CTCTCC,0.029598034114931764,GGAGAG
CACTGA,0.029450762544335592,TCAGTG
AGACAG,0.02932215483884478,CTGTCT
AGGGTA,0.02927052887425312,TACCCT
TACAGA,0.02924495778651125,TCTGTA
GAAAAA,0.029192196404547968,TTTTTC
AATGGT,0.02900994690135829,ACCATT
AATCCA,0.02895792429384103,TGGATT
CCCGTA,0.02879506332908938,TACGGG
ACATGA,0.028748076777586937,TCATGT
ATAAAA,0.028741060537049692,TTTTAT
GTTACA,0.028735522158183594,TGTAAC
CAACGC,0.028699254878380244,GCGTTG
AGCTGA,0.02839000232373936,TCAGCT
CTGTGA,0.02821643927628046,TCACAG
ACTGAG,0.028168582967956914,CTCAGT
ACTTGG,0.027987643810901918,CCAAGT
CGATGC,0.02790423908301426,GCATCG
AGGAAC,0.0275404150552789,GTTCCT
TCGGCA,0.027425867320223413,TGCCGA
TTCCAA,0.02730558241833088,TTGGAA
ATCGTG,0.027292448367389317,CACGAT
ATCCAT,0.027036175961932293,ATGGAT
AGCGAA,0.026857698078657188,TTCGCT
ACTAAC,0.02677916831151314,GTTAGT
CTAATA,0.026521115242219298,TATTAG
AGAGCT,0.0263836619610781,AGCTCT
CCGACC,0.026358318740276342,GGTCGG
GATGAA,0.026301470181605772,TTCATC
CAAGAG,0.026169770216464668,CTCTTG
ATTGTC,0.026090777880918296,GACAAT
AATGAC,0.02608571339395967,GTCATT
CGCTGA,0.025953184667760098,TCAGCG
GTAAGA,0.025796648977262755,TCTTAC
CACAAC,0.02578986392104792,GTTGTG
AAGTGT,0.025751565736362517,ACACTT
CCAACA,0.02574144106172018,TGTTGG
CATCCC,0.025283643200278042,GGGATG
AAAGAT,0.025120010795419534,ATCTTT
ACTGAT,0.02502444709423689,ATCAGT
ACGCCC,0.024896690995067784,GGGCGT
CCACAG,0.02472133245512334,CTGTGG
GAAAGC,0.024433909736799656,GCTTTC
CACAAA,0.02439664441459482,TTTGTG
GAGAGC,0.024284317759992964,GCTCTC
CTCTCA,0.024023465566313695,TGAGAG
TGAACA,0.02401380311102429,TGTTCA
CTCTGA,0.023988366440451728,TCAGAG
GTGATA,0.023892560450217606,TATCAC
ATCTCC,0.023759852670814055,GGAGAT
ACTGTC,0.023509856209865003,GACAGT
AATGCG,0.023310893600109135,CGCATT
ATAGTC,0.02303988593835896,GACTAT
ACGACT,0.022960166251655784,AGTCGT
AAGCTA,0.022922810808849607,TAGCTT
ATTCAG,0.02277750456791482,CTGAAT
TACCTA,0.02263882978445677,TAGGTA
GGTGCA,0.022606090026723348,TGCACC
AAAGCC,0.022531677705091555,GGCTTT
ATTGGC,0.0224622474866716,GCCAAT
CCTGAG,0.022434253778939664,CTCAGG
ACCTCA,0.022120187165574,TGAGGT
ATCAAG,0.02175618928954389,CTTGAT
CCAATA,0.021710903839772262,TATTGG
ATACCA,0.021685019427719956,TGGTAT
CCATAA,0.021550267901132184,TTATGG
AGATCA,0.02136583532125666,TGATCT
CTTCAC,0.02131736322308221,GTGAAG
AGAACG,0.021181305871662382,CGTTCT
TCGAGA,0.02097337267151503,TCTCGA
CGTTAA,0.020805928932937767,TTAACG
ATTCTA,0.0205540854021086,TAGAAT
CTACGC,0.02055338565994914,GCGTAG
CAATCG,0.020415682859237713,CGATTG
CCTGCG,0.020257144711604936,CGCAGG
AGCCGG,0.020143016530284902,CCGGCT
GATCCC,0.020140536493247475,GGGATC
AGACTA,0.020033332466448797,TAGTCT
ACACTG,0.019909252776771195,CAGTGT
CCTCCG,0.019852162436344193,CGGAGG
GAAGCA,0.019831628864531523,TGCTTC
CGTAGA,0.019459397399710393,TCTACG
GAGTTA,0.01916141007982525,TAACTC
TATACA,0.019047650443826926,TGTATA
GCTTCC,0.01904242292694193,GGAAGC
CTCCCC,0.018981559978248096,GGGGAG
GACCCA,0.018904801563490597,TGGGTC
AACTCA,0.018794615610862844,TGAGTT
ACGAAC,0.018791981466036358,GTTCGT
CAATGC,0.018721014330881,GCATTG
AGGACC,0.018704418352592275,GGTCCT
GATCGA,0.018582538114066856,TCGATC
CGAGCG,0.018231223314024086,CGCTCG
AGCCTA,0.017883644057962323,TAGGCT
GCTGCC,0.01782038701201302,GGCAGC
CTCAAG,0.0177350607709351,CTTGAG
GAGCGA,0.01773281729258908,TCGCTC
GGGAGA,0.017695761069978378,TCTCCC
CCCTTA,0.017681470392327633,TAAGGG
CTTGAC,0.017457362833453678,GTCAAG
CAAGCA,0.017426623374661384,TGCTTG
AGCCGA,0.017425958262575522,TCGGCT
AACTCG,0.01737404158087264,CGAGTT
CGAGAA,0.017322668984677398,TTCTCG
ACATAC,0.016995605540779207,GTATGT
GCTACA,0.016905840606673925,TGTAGC
GATCGC,0.016849045314820118,GCGATC
GTTCTA,0.0167985928976913,TAGAAC
CCAATC,0.016781037421944863,GATTGG
ACAAAT,0.016232624088587902,ATTTGT
AGGAAA,0.01595070356577077,TTTCCT
ATGAAT,0.01576271396354305,ATTCAT
CTCTTC,0.015115050478795985,GAAGAG
AGTTTC,0.014976090373332042,GAAACT
ACTTGC,0.014970876292890537,GCAAGT
GACAGA,0.014714670473446769,TCTGTC
AGACGG,0.014586059037208656,CCGTCT
GCAGGA,0.014523302620261098,TCCTGC
CATTAA,0.014399948361636801,TTAATG
ACGACG,0.014362297479357897,CGTCGT
CTACGA,0.01421660910907115,TCGTAG
TGTTAA,0.014029009514226618,TTAACA
GATAGA,0.013837389596706464,TCTATC
AGGCCC,0.013691703925805784,GGGCCT
CCCGAC,0.013424848263572762,GTCGGG
ATTTCG,0.01341861906286064,CGAAAT
CTATAG,0.013004430456673205,CTATAG
AGCTGC,0.012878661877533481,GCAGCT
ATCATG,0.012789353202237421,CATGAT
ATGTCG,0.012758363206089293,CGACAT
AACCTA,0.012738322040513011,TAGGTT
CTGGTC,0.012508639148747119,GACCAG
CTTGCC,0.01236039377444636,GGCAAG
AACTCC,0.012018082896420186,GGAGTT
TAGAGA,0.01200612826596616,TCTCTA
AATAGA,0.011952479406330114,TCTATT
TGACAA,0.011484337158095896,TTGTCA
ACCATA,0.011394082075410022,TATGGT
AGGCCT,0.011311886157064879,AGGCCT
GGGCAA,0.011146333768196638,TTGCCC
GCAAGA,0.011098723312313987,TCTTGC
AGACAC,0.010850076381915671,GTGTCT
AGTCAA,0.01075293261760667,TTGACT
CTGCAG,0.010443354709316186,CTGCAG
CGACTC,0.010253164463134335,GAGTCG
TCCGAA,0.010180242014661788,TTCGGA
GGGATA,0.009959479718628676,TATCCC
GGTAAA,0.00989303443491406,TTTACC
AGTCTC,0.00986498153786766,GAGACT
AACGGG,0.009661098712986408,CCCGTT
TACTGA,0.009522812569206982,TCAGTA
GGAACC,0.009381553932901689,GGTTCC
CTGGTA,0.009302404340117991,TACCAG
ATGAAG,0.009242201181346272,CTTCAT
GCTGTA,0.009032366019414305,TACAGC
GCTACC,0.008753348214336421,GGTAGC
CGGGAG,0.008750198225173048,CTCCCG
CCCACA,0.008730115204211748,TGTGGG
TCAAAA,0.008694316109089321,TTTTGA
AATGGC,0.008669001908379362,GCCATT
AGCGAT,0.00865594726477084,ATCGCT
CTCATC,0.00850203309055806,GATGAG
CGGGGC,0.00829267431090381,GCCCCG
GCCGAA,0.008282865485115988,TTCGGC
CTGCCC,0.00825105458705011,GGGCAG
CTTCAA,0.008047300356258051,TTGAAG
GCCATA,0.0079598574692847,TATGGC
CCTTCC,0.007955279160933866,GGAAGG
AGCTTC,0.007764089931898146,GAAGCT
AATGCC,0.007714436615781576,GGCATT
ACACCA,0.0074117627703554215,TGGTGT
CGAGGA,0.0074004323736161755,TCCTCG
GGCTGA,0.007353012205442509,TCAGCC
ACCTTC,0.007260948005401858,GAAGGT
ATTAAG,0.007123333351042615,CTTAAT
CGGGTC,0.00710067689007716,GACCCG
CTAGAC,0.007092003907783874,GTCTAG
GCAATA,0.006876364571494726,TATTGC
CTCCGA,0.006783444644415654,TCGGAG
AGTGTA,0.006418099429719348,TACACT
GAGCAA,0.00640813744908912,TTGCTC
CGTTGA,0.0063759366146597775,TCAACG
AATGAA,0.006369892979826622,TTCATT
CGGACC,0.006261031482890352,GGTCCG
GGGCCA,0.00598736511643904,TGGCCC
GATCAA,0.00595598375606518,TTGATC
ACAGTA,0.005627620497985917,TACTGT
AGCCGC,0.005585924171807777,GCGGCT
TTTAAA,0.005457107840348722,TTTAAA
GATCTA,0.005293535206275602,TAGATC
ATACGG,0.0048164832536776595,CCGTAT
CGACCC,0.004793359165807634,GGGTCG
CTGGAC,0.004722144055674261,GTCCAG
AAGAGC,0.004161496682984999,GCTCTT
TCTCAA,0.004112485863371422,TTGAGA
AAGTGC,0.00407412222185986,GCACTT
ACGATA,0.003969373801020051,TATCGT
CTACCA,0.00372282005644286,TGGTAG
CGGCTC,0.0036449030634782722,GAGCCG
ACACGG,0.003579529125975425,CCGTGT
AAAGAG,0.0034756607398541486,CTCTTT
AAGGTC,0.003352986923795092,GACCTT
ACGATC,0.003091680623675399,GATCGT
AGGGCC,0.0029552946223802817,GGCCCT
GGCCCA,0.0027974549264859327,TGGGCC
CGAATA,0.002285471259485412,TATTCG
AATAAT,0.001651979302994481,ATTATT
GACCGC,0.0012468538659602844,GCGGTC
CCCGCA,0.001228662275114986,TGCGGG
CCCTGC,0.0011612042568078197,GCAGGG
AATCAC,0.0011417400851167154,GTGATT
AGCAGA,0.0011126076137176265,TCTGCT
ACTAGC,0.001109733620688708,GCTAGT
CCATAG,0.001078714929518654,CTATGG
AGGTGG,0.0010055755032512188,CCACCT
CTCGGC,0.0009779172279481155,GCCGAG
ATGACA,0.0009554436162014473,TGTCAT
TCGCCA,0.0009009723999108443,TGGCGA
ATAATG,0.0007467903861152596,CATTAT
CCTGAA,0.0006797212338515509,TTCAGG
CTGAAA,0.0006670177802525286,TTTCAG
GCCCGC,0.0006247177986147912,GCGGGC
GACGAC,0.000571158549981386,GTCGTC
AATCTG,0.0003714514353652965,CAGATT
CTTTGA,0.00030908850302491535,TCAAAG
GGCACC,0.0001499782838514283,GGTGCC
AGTTAT,-0.00020133606283255804,ATAACT
CAGATC,-0.0002831521718706443,GATCTG
GCATCA,-0.0003474864341450316,TGATGC
CAGCCC,-0.0004307455867286489,GGGCTG
CACTAG,-0.0005129645323914056,CTAGTG
CAGAAC,-0.0005387918901619145,GTTCTG
AACTGG,-0.0006774513167668843,CCAGTT
CCCATA,-0.0007167346888550066,TATGGG
AAGTCC,-0.0008378323327181603,GGACTT
AATGAT,-0.001092097334457775,ATCATT
AGCCCA,-0.0013920193074516349,TGGGCT
CACAAG,-0.0015307270359089802,CTTGTG
ACGAGT,-0.0016111925348814117,ACTCGT
GCCAAA,-0.0016154084938990196,TTTGGC
ACAGCC,-0.002025302668199849,GGCTGT
CTATGC,-0.0021407476607826544,GCATAG
ATATTG,-0.0022198156518708706,CAATAT
GGCGAC,-0.0023029768421839025,GTCGCC
TGCCCA,-0.0023109592777746444,TGGGCA
CACCTC,-0.002608955827954355,GAGGTG
GAGCGC,-0.0026175239829020524,GCGCTC
AGAGCA,-0.0026597966778077087,TGCTCT
AGTGGC,-0.002710970535958218,GCCACT
ACAAGC,-0.002826417892013656,GCTTGT
CTCCTA,-0.0028395924375911206,TAGGAG
GTGAAC,-0.002887729245187994,GTTCAC
AGGATG,-0.0028890841250394633,CATCCT
CTTAAA,-0.002951769251380322,TTTAAG
AAAAAG,-0.002958399148384099,CTTTTT
CTGCTA,-0.0030150292857914845,TAGCAG
AATCGT,-0.003232000986904425,ACGATT
ATGTTG,-0.0037250419947765317,CAACAT
ACCTAT,-0.0037486222794405125,ATAGGT
CTACAG,-0.004005806843463029,CTGTAG
CAAAGA,-0.0042081309026521675,TCTTTG
CCACTC,-0.004238886828063104,GAGTGG
AAAGGT,-0.004289452359990544,ACCTTT
GGTGAA,-0.004522062210365588,TTCACC
TAATAA,-0.004545125829639206,TTATTA
AGAGAC,-0.004568957062227761,GTCTCT
GGCGTA,-0.004733253483053387,TACGCC
GTGACA,-0.005171240591381519,TGTCAC
CTTAAC,-0.005384712955286371,GTTAAG
CTACAA,-0.00558462644802677,TTGTAG
GTTAGA,-0.005644880457868269,TCTAAC
GATTAC,-0.005734690513604781,GTAATC
ACTCCG,-0.00616112261968293,CGGAGT
ATGTCC,-0.006173364159745401,GGACAT
CACTAC,-0.006186198953799719,GTAGTG
ACGTCC,-0.006324434711995792,GGACGT
CTCCCA,-0.006366605895360509,TGGGAG
ACAGTC,-0.006379664308781585,GACTGT
ATTAGA,-0.006450269371725513,TCTAAT
CAATTA,-0.0065183647385031514,TAATTG
CCGAAG,-0.006682364448338146,CTTCGG
CTCACA,-0.0068298529920041975,TGTGAG
CAGTAC,-0.006911278582887341,GTACTG
ATCCTC,-0.006971228521025949,GAGGAT
AAGATA,-0.007113893019552326,TATCTT
CTATCA,-0.007524876048101308,TGATAG
CATAAC,-0.007758142399473726,GTTATG
AGTCTG,-0.007970620392008765,CAGACT
GGGGGA,-0.008156693893699142,TCCCCC
AGTACA,-0.008283821517255735,TGTACT
AAGGTG,-0.008350342577524183,CACCTT
ATGGTA,-0.008593972864447342,TACCAT
ACTACC,-0.008736448898695003,GGTAGT
AGTGGG,-0.008743509353359973,CCCACT
GCTAGA,-0.00890797778176245,TCTAGC
ACTGGG,-0.00897295325334338,CCCAGT
ACCAAA,-0.009052816967838983,TTTGGT
CGAGTC,-0.009073489466362515,GACTCG
ATGAAC,-0.009397491784308582,GTTCAT
CGTAGC,-0.00996417387267293,GCTACG
CTTGGA,-0.010058087122134515,TCCAAG
GAAGAA,-0.010113823788746437,TTCTTC
AATTGG,-0.01041888229336869,CCAATT
ACCGCT,-0.010419840637636246,AGCGGT
GGTGTA,-0.010448340322585351,TACACC
AAATGG,-0.010495029263272858,CCATTT
TTCAAA,-0.010730872171040655,TTTGAA
AGCTGG,-0.010803447517964361,CCAGCT
AATTGT,-0.010811891498226313,ACAATT
GTGGTA,-0.010852743424193356,TACCAC
GATCAC,-0.010880970902687739,GTGATC
GGTAAC,-0.011014578796235344,GTTACC
CCGACA,-0.011077694691640626,TGTCGG
AGCAGC,-0.01113106548403875,GCTGCT
AGTAAC,-0.011214189491893465,GTTACT
ACCGGT,-0.011446961271627806,ACCGGT
GACCTC,-0.011855908352548992,GAGGTC
GGATTA,-0.011893318135770284,TAATCC
AATGCT,-0.01226682179589874,AGCATT
CAGTGC,-0.012682780484885654,GCACTG
ATCATC,-0.012924274807763501,GATGAT
ATCTGG,-0.013067721254626874,CCAGAT
AACTTA,-0.013083496103933428,TAAGTT
ATCCCC,-0.013258825319881505,GGGGAT
ACACGC,-0.01329692689294465,GCGTGT
CTACCC,-0.01336283261905075,GGGTAG
AGGTGA,-0.013422121289182302,TCACCT
AGAAGC,-0.013474188361286438,GCTTCT
ATATCG,-0.013516404507059127,CGATAT
CAAACC,-0.01388275588429651,GGTTTG
AGCTAT,-0.013972824976242991,ATAGCT
AGATAT,-0.013991916486705332,ATATCT
TATAAA,-0.014053953827797734,TTTATA
AACTGT,-0.014099497770519331,ACAGTT
AGGATC,-0.014270839147092254,GATCCT
CAATCA,-0.014330353176220745,TGATTG
ATTGGG,-0.014349945686564591,CCCAAT
ACAACA,-0.014515446588084424,TGTTGT
ACTCCC,-0.014515607302323763,GGGAGT
CAAGGA,-0.014596254534609726,TCCTTG
ACTGAC,-0.014723049874902893,GTCAGT
AATGTA,-0.014926674071692096,TACATT
CAATAG,-0.014992863262720512,CTATTG
GATTCC,-0.015149769765151873,GGAATC
ATCCAA,-0.015300129994099167,TTGGAT
AGCTTA,-0.015734992501125464,TAAGCT
AGAAGG,-0.015746082993733784,CCTTCT
AACCTG,-0.015787157146863216,CAGGTT
TATATA,-0.015974314615523004,TATATA
CAATGG,-0.015974744903460302,CCATTG
CCCTCA,-0.01632013924642881,TGAGGG
GGGTAC,-0.016386864604035125,GTACCC
CTCGCC,-0.0170394634791749,GGCGAG
CCAAAA,-0.017042663111740426,TTTTGG
AGTGTG,-0.017159877351134483,CACACT
ACATAA,-0.01756134469638512,TTATGT
ATTTTG,-0.017732942302879636,CAAAAT
ATTTTC,-0.017850393884066014,GAAAAT
CAAGCG,-0.017976182262681,CGCTTG
AATTAT,-0.018038483214194493,ATAATT
CCGCAG,-0.01820780731296461,CTGCGG
ACTCTA,-0.018607908138861436,TAGAGT
AAGCTG,-0.01868548741040947,CAGCTT
GACCGA,-0.018759792173843763,TCGGTC
ATAGAT,-0.01876146679935412,ATCTAT
GGGTTA,-0.01879408610534227,TAACCC
CCCAGG,-0.01881890449959618,CCTGGG
CTTACC,-0.01889155871047913,GGTAAG
ATTAAC,-0.018939816764462263,GTTAAT
AGGAGA,-0.019212787287365408,TCTCCT
AACCAG,-0.01921419780600553,CTGGTT
TATCCA,-0.01954101203864683,TGGATA
CATGTA,-0.019785363111244278,TACATG
AGGACA,-0.019908280697675418,TGTCCT
GCTTTA,-0.019948689644301694,TAAAGC
ACATCG,-0.019956243489852685,CGATGT
AATAGG,-0.020052520493009474,CCTATT
TCGGAA,-0.020088893915737212,TTCCGA
GACTGC,-0.020396968443060312,GCAGTC
CTACTC,-0.020506087217877753,GAGTAG
CAGAGA,-0.020519508423313276,TCTCTG
ATACAT,-0.020546051244703566,ATGTAT
CGCGGA,-0.0205606036663583,TCCGCG
TTGAAA,-0.02081645984732832,TTTCAA
AAGCGC,-0.02113182806871783,GCGCTT
ACGGTA,-0.021133060874184137,TACCGT
ACCTAC,-0.021221407157890497,GTAGGT
AGAGCC,-0.021249573779971533,GGCTCT
GCGTCC,-0.021370885533651258,GGACGC
CGATCG,-0.021401519493021787,CGATCG
CAGCAA,-0.02169038542091716,TTGCTG
AGCGCT,-0.02175736619395703,AGCGCT
CTTAAG,-0.02189326673469212,CTTAAG
ACTAAA,-0.022015369143601273,TTTAGT
CTGTCA,-0.0221056399819351,TGACAG
TGATAA,-0.02212535153015834,TTATCA
TGCTAA,-0.022226024834838883,TTAGCA
CAGACG,-0.022271884076331648,CGTCTG
AAACTG,-0.0222756328016705,CAGTTT
TGGCAA,-0.02252595273344933,TTGCCA
GTTCAA,-0.022629701755660824,TTGAAC
GCATTA,-0.022631579256655786,TAATGC
ATACAC,-0.022817211582304278,GTGTAT
ATCGCG,-0.022840109226240923,CGCGAT
ACTCGC,-0.02292086448479469,GCGAGT
CCAAAC,-0.02328429380063323,GTTTGG
ACACTC,-0.023341248114109557,GAGTGT
ACAGAT,-0.02340485624105183,ATCTGT
AGCCTG,-0.023589696838510945,CAGGCT
CGCAAA,-0.023701821718508757,TTTGCG
AGCAAG,-0.024155526029777,CTTGCT
AACTCT,-0.024159018845859172,AGAGTT
AATTAC,-0.024560640565351895,GTAATT
CGTCTC,-0.024701251947960908,GAGACG
GACAGC,-0.024788682836695716,GCTGTC
AACTTG,-0.02495089324456117,CAAGTT
ATCAGG,-0.02523525405231152,CCTGAT
ACAAGA,-0.025253051906104274,TCTTGT
CACACG,-0.0252664095566497,CGTGTG
ATCATA,-0.025356184198193903,TATGAT
ATTCCC,-0.02565587824194729,GGGAAT
CAGGTC,-0.025993959060962024,GACCTG
ACTGTG,-0.026049296159578857,CACAGT
AGAAAG,-0.02628504824018462,CTTTCT
AAGGGA,-0.02708895999901006,TCCCTT
CCATGG,-0.027330841587351877,CCATGG
AGCGAC,-0.027387295856447936,GTCGCT
ACGCAT,-0.02741024682060861,ATGCGT
ATCGAA,-0.027536869000012912,TTCGAT
AAGGCT,-0.02766570277116149,AGCCTT
TCTAAA,-0.027759843970498972,TTTAGA
CTGAAG,-0.028018313310813957,CTTCAG
GGTTGA,-0.028046476911303322,TCAACC
AGGGCA,-0.02827257969222345,TGCCCT
ACTTGA,-0.028341849987120336,TCAAGT
AAGGAC,-0.028638093289452347,GTCCTT
AGTGCG,-0.028675812898745053,CGCACT
CACCCA,-0.02871661776093345,TGGGTG
ACATCC,-0.02916557247702973,GGATGT
GCGTAA,-0.029227569694485873,TTACGC
CGTCCC,-0.029457979296743302,GGGACG
GCAACA,-0.029489467834582776,TGTTGC
GATGTA,-0.029490279614236378,TACATC
CTAAAA,-0.029504212291080873,TTTTAG
AGACCA,-0.02968603255512934,TGGTCT
CCTCTC,-0.029760069444972125,GAGAGG
GTATTA,-0.029860447994737072,TAATAC
CCTATC,-0.029886931707296602,GATAGG
AGAGAA,-0.029895726303181783,TTCTCT
GGCGAA,-0.02994305796504012,TTCGCC
AACCGA,-0.0299660159165491,TCGGTT
AGCTCA,-0.02998171268526976,TGAGCT
AGACCT,-0.03005018093708474,AGGTCT
TCTTCA,-0.030071374365225,TGAAGA
ATAGCA,-0.030218376176107155,TGCTAT
ATTCTC,-0.03024307986418982,GAGAAT
CTCTGC,-0.030292020174415794,GCAGAG
TGGACA,-0.030481165606533116,TGTCCA
ATGCCC,-0.03062884209004375,GGGCAT
ACCTGA,-0.03064925356298505,TCAGGT
CTTAGA,-0.030979476215512326,TCTAAG
CATATC,-0.031035813705893776,GATATG
AGGGAC,-0.031133030464849838,GTCCCT
GGGACA,-0.03126225164738811,TGTCCC
CTAGTA,-0.03135136564704877,TACTAG
AACCTC,-0.03144513127992401,GAGGTT
AAATTG,-0.031663751063539185,CAATTT
CGAGCC,-0.03173427507647068,GGCTCG
AAAGTG,-0.031792230620272394,CACTTT
GATAGC,-0.0319093381360626,GCTATC
CTTGTC,-0.0319385485723417,GACAAG
CTCGAA,-0.03201227221190251,TTCGAG
AGGGTG,-0.032138331352101236,CACCCT
AGTGAC,-0.03222847730590894,GTCACT
CTCTAC,-0.03236549327359774,GTAGAG
AGCATA,-0.03262747649970816,TATGCT
CATAAG,-0.0330068111193194,CTTATG
CACCGC,-0.03324555238375868,GCGGTG
AAGCTT,-0.03330453399329215,AAGCTT
AGAAAA,-0.0337868287639548,TTTTCT
AAGAGA,-0.03387477630551446,TCTCTT
AAGTCA,-0.03390192747578009,TGACTT
CCCTAA,-0.033930103450702444,TTAGGG
CCAGTC,-0.03413781272672208,GACTGG
GACCAA,-0.03441719917360254,TTGGTC
ACCCCT,-0.034490081350744696,AGGGGT
GACAAC,-0.03471343410743199,GTTGTC
ACTCGG,-0.03519443196356619,CCGAGT
TCATGA,-0.03551810648558558,TCATGA
AAGTAC,-0.035636406394759505,GTACTT
CGCACC,-0.035642089560225854,GGTGCG
AGGAGC,-0.03567154569823649,GCTCCT
ATTCGC,-0.03602669756851605,GCGAAT
AGTGAA,-0.03609471972654118,TTCACT
ATGAGC,-0.03624056140644249,GCTCAT
ACCTGC,-0.036312328423129245,GCAGGT
CCCAAG,-0.036393950932980264,CTTGGG
AAGTTA,-0.03650534056960911,TAACTT
CACTTA,-0.0366138612579435,TAAGTG
AAATGT,-0.037107407548675524,ACATTT
ATGGGA,-0.0373395729610724,TCCCAT
CGGCCG,-0.03755192603407764,CGGCCG
TAACTA,-0.03763763670334896,TAGTTA
CCTGTC,-0.03768339733162307,GACAGG
GGGCAC,-0.037889447453585086,GTGCCC
AGAAAT,-0.03789814393348054,ATTTCT
ATTTGG,-0.03801803048484804,CCAAAT
AGATGC,-0.038452928179234375,GCATCT
ACGGGG,-0.03853557986664583,CCCCGT
ATTCTG,-0.03908047285648,CAGAAT
GAAGTC,-0.03909806851323266,GACTTC
AAGTTC,-0.03928636636750221,GAACTT
AACGGT,-0.03935557296439387,ACCGTT
AGGCTC,-0.03978953210971043,GAGCCT
GGTATA,-0.039907800426544536,TATACC
ACCCGG,-0.03998781149714165,CCGGGT
ACCGAT,-0.040012641733577735,ATCGGT
CTCAAA,-0.040077727574608084,TTTGAG
GAGCCC,-0.04012353175693506,GGGCTC
AGAACC,-0.0401869678847629,GGTTCT
GTACGA,-0.040203947828845524,TCGTAC
ATAGCC,-0.040522435358816666,GGCTAT
ATCTGC,-0.040728794720045355,GCAGAT
ATGGGG,-0.040784060964927274,CCCCAT
CTGTAA,-0.040933829979779755,TTACAG
ATGTAC,-0.040978442538099256,GTACAT
GTCAAA,-0.041079689837141845,TTTGAC
AACCCT,-0.0411254837339232,AGGGTT
TATCGA,-0.041135626041754775,TCGATA
TCCCCA,-0.0416326629765224,TGGGGA
GTATGA,-0.0416713937833435,TCATAC
ATTAAT,-0.04203944576059334,ATTAAT
GGAGCC,-0.04211983899372362,GGCTCC
AATAAG,-0.04258730095549506,CTTATT
TAGGAA,-0.042795171577749425,TTCCTA
AGTTAG,-0.04316285985765181,CTAACT
AACTAG,-0.04316896495032902,CTAGTT
CCTACA,-0.04317267027774878,TGTAGG
AGGCAT,-0.04318646957001583,ATGCCT
ACGGCA,-0.04318812808519234,TGCCGT
ACAATA,-0.043388348146762776,TATTGT
CGCTTA,-0.04364628749031451,TAAGCG
GACTTA,-0.044244942559943365,TAAGTC
ACGAGA,-0.04429029702310566,TCTCGT
CCTATA,-0.04454440614843632,TATAGG
GGCAGA,-0.04463991806785618,TCTGCC
CCAACC,-0.04465496021162812,GGTTGG
AGATCT,-0.0447409176336859,AGATCT
CAAATG,-0.04477786095270509,CATTTG
GTAACA,-0.04495786715489701,TGTTAC
ATCCCG,-0.04553110912439839,CGGGAT
GCAGCC,-0.04582987934204723,GGCTGC
GGAGAA,-0.04598458886646246,TTCTCC
CCAGCC,-0.04598974262041342,GGCTGG
GTCCCA,-0.04608577235002918,TGGGAC
ACATTG,-0.04620224690512624,CAATGT
GAAGGA,-0.04688113208428186,TCCTTC
AACGAT,-0.04692046010422156,ATCGTT
GGAATA,-0.04716910606574727,TATTCC
ATCTTA,-0.04788724250939274,TAAGAT
AGGCGC,-0.048139172906416165,GCGCCT
ATGTTC,-0.048261889690503344,GAACAT
AACACT,-0.04836529580757001,AGTGTT
ATACAA,-0.048443984656838864,TTGTAT
CTCTAA,-0.04876680453631435,TTAGAG
AATGGA,-0.04921770571626551,TCCATT
GTCTCA,-0.049403640764496604,TGAGAC
CGCCCC,-0.049570005647100505,GGGGCG
AAATAA,-0.049624196803191065,TTATTT
GTTCCA,-0.049632305707925276,TGGAAC
AGTTAA,-0.04972277772831138,TTAACT
GGAACA,-0.05001520780737002,TGTTCC
GTTTCA,-0.05011131500779093,TGAAAC
CATCGA,-0.05012776334292868,TCGATG
ATTAGG,-0.05022214304096552,CCTAAT
ACCTTG,-0.05041855619463561,CAAGGT
ACAGAC,-0.05044188406842479,GTCTGT
ATCAAT,-0.050506291422538735,ATTGAT
CCGTGA,-0.05065189962212773,TCACGG
CGGCCC,-0.05067700444875012,GGGCCG
CACCCC,-0.05069489303956395,GGGGTG
AACAGG,-0.050742226841779293,CCTGTT
AAGACA,-0.050851669739204006,TGTCTT
AAGAAA,-0.05105137974163745,TTTCTT
GGTTTA,-0.05105827044798215,TAAACC
CATGTC,-0.05115919537835153,GACATG
ACTTTG,-0.051202109884837116,CAAAGT
AACTGA,-0.051538695716291605,TCAGTT
AAAGAA,-0.05160373255038613,TTCTTT
GCATAC,-0.05162210430378679,GTATGC
ACTTCT,-0.05181071540988208,AGAAGT
AACGAA,-0.051997898426412156,TTCGTT
ATCCCA,-0.052244514239488664,TGGGAT
CATATA,-0.05239178345535102,TATATG
TAAGGA,-0.05239320740816207,TCCTTA
CTAAAG,-0.0527456701762446,CTTTAG
AGTACT,-0.05277022086852181,AGTACT
CACCTG,-0.05341416072932047,CAGGTG
ATCCAG,-0.05346680529408247,CTGGAT
AGTGTC,-0.05360720126960024,GACACT
GACTCC,-0.053956223859707435,GGAGTC
CGACAG,-0.05416880587731972,CTGTCG
ACTCTG,-0.05417344290630428,CAGAGT
CCACCG,-0.05422524124624224,CGGTGG
AATTAA,-0.05445925223559402,TTAATT
GAGCTC,-0.05468786087543442,GAGCTC
AAAAAT,-0.054784016373108785,ATTTTT
ACCAAT,-0.054937513635162666,ATTGGT
CCCTGA,-0.055071090882330774,TCAGGG
AACCAA,-0.055292440603805684,TTGGTT
ATTGGA,-0.05572177985569129,TCCAAT
CGACAA,-0.055781325552715325,TTGTCG
CGTGAA,-0.055813738472877204,TTCACG
AGTTCA,-0.05659312664423526,TGAACT
CCTCAG,-0.0569027169941197,CTGAGG
CCCCCG,-0.05719161930866824,CGGGGG
TTACAA,-0.057306303601949174,TTGTAA
CAAGAA,-0.05761985581141558,TTCTTG
CAGTAG,-0.05817536784017349,CTACTG
GAACAA,-0.058314076198205805,TTGTTC
TACTAA,-0.05850634421748015,TTAGTA
CGACCA,-0.058699004211392417,TGGTCG
GGTCGA,-0.058760474436808194,TCGACC
AAGTAA,-0.05911098039791208,TTACTT
GCTGGA,-0.05914116978277684,TCCAGC
CAAAGC,-0.05917417860185746,GCTTTG
ATGGAA,-0.05966120483776354,TTCCAT
AAACTC,-0.0596755564882057,GAGTTT
ACGAGC,-0.05972172848462123,GCTCGT
GGCCCC,-0.05990328620056506,GGGGCC
ATCTGA,-0.05996202218532701,TCAGAT
TGCAAA,-0.06062586291053481,TTTGCA
GGTCCA,-0.06103126282386432,TGGACC
AGGCAA,-0.06133281723179587,TTGCCT
TGGAAA,-0.06146424650413043,TTTCCA
CGCGTC,-0.06149333900771347,GACGCG
ACTACT,-0.061642556795179375,AGTAGT
ATGGTC,-0.06167329068641636,GACCAT
ATACTG,-0.06178108579651377,CAGTAT
CAGTGG,-0.061858958927688903,CCACTG
CCGAGG,-0.06187945119326936,CCTCGG
ATAACG,-0.06283167808298092,CGTTAT
AAGCCC,-0.06308930467736007,GGGCTT
ACTCCT,-0.06316652911374995,AGGAGT
AGAGGA,-0.06342256950113612,TCCTCT
CTTCCA,-0.06352096082035762,TGGAAG
AGGGGA,-0.06377613220272732,TCCCCT
ATATAA,-0.06414195414915044,TTATAT
GGCCAA,-0.0641548558624256,TTGGCC
CCGGGC,-0.06420792964523078,GCCCGG
CCCGGC,-0.06439946713831658,GCCGGG
CCCCTC,-0.06460035855183346,GAGGGG
GCTCAA,-0.06513865055613019,TTGAGC
TAGGGA,-0.06519779707304033,TCCCTA
TACGGA,-0.06552487456081182,TCCGTA
CTAATC,-0.06560483398098131,GATTAG
CTGTCC,-0.06565203125613515,GGACAG
ACCCGA,-0.06591640067540606,TCGGGT
CGGTCA,-0.06595827048529644,TGACCG
AATGGG,-0.06617204454023329,CCCATT
CTGTGC,-0.06632998622799374,GCACAG
AGACAT,-0.06707028515071871,ATGTCT
CACGAC,-0.0673062911931608,GTCGTG
CTAACA,-0.0675219646829756,TGTTAG
GTAGGA,-0.06758561223749752,TCCTAC
GAGCCA,-0.06772356917819364,TGGCTC
ATAAAG,-0.06819592933935285,CTTTAT
ACCCCC,-0.06840510441918464,GGGGGT
TAAGTA,-0.06847462339614295,TACTTA
CACCCG,-0.06854709051512228,CGGGTG
AAACCG,-0.06863284598582263,CGGTTT
ATCACA,-0.06874223115623594,TGTGAT
CTTAGC,-0.06878801001593368,GCTAAG
GACACA,-0.06881986873260013,TGTGTC
GAATCC,-0.06882697273024316,GGATTC
AGTCCC,-0.0689092616930411,GGGACT
CCTTAA,-0.06917665605254146,TTAAGG
GGGGAC,-0.06917977134434382,GTCCCC
TGGCCA,-0.06938620179313676,TGGCCA
CCTTCA,-0.06995501411024507,TGAAGG
TATGAA,-0.07009954545046906,TTCATA
CCGCGG,-0.07034285542236478,CCGCGG
TAATTA,-0.07069883634277156,TAATTA
CGCAGC,-0.07074357286472678,GCTGCG
AGACTC,-0.0708869480510787,GAGTCT
GGCCGA,-0.07180387757796687,TCGGCC
CGATAA,-0.07186947371478643,TTATCG
GATATC,-0.07213227457543973,GATATC
GCTCAC,-0.07269717329195748,GTGAGC
AATACT,-0.07292914690640025,AGTATT
GACAAA,-0.0731000227321196,TTTGTC
CTAGTC,-0.07311098958133665,GACTAG
AAGCCA,-0.07315260670020587,TGGCTT
ACAGAA,-0.0735103990865166,TTCTGT
CCGATC,-0.07373185959325564,GATCGG
TCACAA,-0.07380714444288443,TTGTGA
ACATCT,-0.07385476972859986,AGATGT
CGCTCC,-0.074028566553279,GGAGCG
AAACTT,-0.07458516498747839,AAGTTT
GAACGA,-0.07463827599853898,TCGTTC
AATGAG,-0.07492430550303993,CTCATT
GCAAAA,-0.07504790099226155,TTTTGC
ACTTCA,-0.07524983744102896,TGAAGT
AAGCAG,-0.07540599692816247,CTGCTT
CCAGGG,-0.07554449592141078,CCCTGG
ATTCGA,-0.07574620551249665,TCGAAT
ACCAGA,-0.07594132667794805,TCTGGT
ACTGCA,-0.07614752810011155,TGCAGT
CTCTTA,-0.0761570372439042,TAAGAG
AGACCC,-0.07642506762904466,GGGTCT
CTAAGA,-0.07650180833106031,TCTTAG
CGGATC,-0.0769493454987081,GATCCG
GGCAAC,-0.07700921775884954,GTTGCC
ACCGGG,-0.07709007847168396,CCCGGT
CAGCTA,-0.07714396554372435,TAGCTG
CCCAAC,-0.07781434086911,GTTGGG
TCGCAA,-0.0779063307183966,TTGCGA
GCTTGA,-0.07809310241722292,TCAAGC
GGACGA,-0.07817810275573392,TCGTCC
CACGGA,-0.07818625541507057,TCCGTG
TAGTAA,-0.07847913129194072,TTACTA
AGGTCC,-0.0786629626064871,GGACCT
AGTAGC,-0.07868254366831011,GCTACT
TTAGAA,-0.07871788688779392,TTCTAA
AGCTAA,-0.07961942578133184,TTAGCT
CTTACA,-0.08000646322519177,TGTAAG
CGAGTA,-0.08008962153463557,TACTCG
CTTTAC,-0.0801645306655011,GTAAAG
TGCACA,-0.08017828380647313,TGTGCA
ATACGA,-0.08103177415640166,TCGTAT
AATTCA,-0.08115544994022983,TGAATT
GATGGA,-0.08118652979136795,TCCATC
TCAAGA,-0.08139940948239413,TCTTGA
ATACCC,-0.08145019584013832,GGGTAT
GCAACC,-0.08202228804233902,GGTTGC
CTGTAC,-0.08215920258180243,GTACAG
CTAAGC,-0.08233973629972825,GCTTAG
AATTGA,-0.08236239428348846,TCAATT
ATAGTA,-0.08239134240585894,TACTAT
CCCATC,-0.08277911035392176,GATGGG
AGATAC,-0.08283901741003866,GTATCT
GCCTCC,-0.08299558828723208,GGAGGC
AGGTCG,-0.08305652624624925,CGACCT
GATAAC,-0.08349622624127877,GTTATC
AAATCA,-0.08356378492228769,TGATTT
CCATAC,-0.08371848674841494,GTATGG
ATATTA,-0.08401099515446422,TAATAT
AATTGC,-0.08427937271767674,GCAATT
CATTCA,-0.08428994270959152,TGAATG
CACAGG,-0.0843655770364835,CCTGTG
TGATCA,-0.08492800208842548,TGATCA
CAAGTC,-0.08508342351794564,GACTTG
GATCCA,-0.0852743688771092,TGGATC
AAGAGT,-0.08545136149731838,ACTCTT
ATCTCG,-0.08567192745399942,CGAGAT
AGTTGG,-0.08599438637038428,CCAACT
ACGTTA,-0.08604076197935613,TAACGT
GGAGTA,-0.08648815949179113,TACTCC
CATCGG,-0.08723983526468791,CCGATG
CCATTC,-0.0873950471247286,GAATGG
CCTAGG,-0.08754482345665618,CCTAGG
AGGCTA,-0.08765419355277115,TAGCCT
GGAAGA,-0.08813719577472193,TCTTCC
CTTCTA,-0.08824492146402767,TAGAAG
ATAAGG,-0.08999473777816566,CCTTAT
GCCGGC,-0.09016628252393552,GCCGGC
GAGATC,-0.09041854378959024,GATCTC
GATACC,-0.09059324030655456,GGTATC
CCTAAA,-0.09089408862342999,TTTAGG
ATTCCG,-0.09158596759289869,CGGAAT
AAAATT,-0.09177511234401535,AATTTT
ACATAG,-0.0917914784217694,CTATGT
ATTAGC,-0.09179661498822843,GCTAAT
AGATTC,-0.09185561985342497,GAATCT
AAATAG,-0.09217499939780091,CTATTT
ATAGGC,-0.092217377338861,GCCTAT
TAGCCA,-0.09245301514355,TGGCTA
AATCCC,-0.09255839851921414,GGGATT
ATTTTA,-0.09256914187867772,TAAAAT
GACTAC,-0.09258930517596678,GTAGTC
AAAACA,-0.09295294448961994,TGTTTT
GACACC,-0.09308810634778074,GGTGTC
AAAATC,-0.0934553522488665,GATTTT
CCCACC,-0.09382420218843165,GGTGGG
CGATGA,-0.09396684110748349,TCATCG
ATCAGA,-0.09402685872667889,TCTGAT
AAGAAG,-0.09423929290999498,CTTCTT
AAGAAC,-0.0944441067675702,GTTCTT
ATTCGG,-0.09454367872884042,CCGAAT
ACCAAC,-0.09466935989751024,GTTGGT
CTGACA,-0.09471067268508675,TGTCAG
CAGTTC,-0.09495228274535111,GAACTG
ACAACC,-0.09503261081180109,GGTTGT
ACCCTC,-0.09527114954103874,GAGGGT
ACCGGC,-0.09527810664876642,GCCGGT
ACACCT,-0.09528730629714802,AGGTGT
AAGATC,-0.09548701866572447,GATCTT
AGCCTC,-0.09556950853731251,GAGGCT
GGGCTA,-0.09583030062124161,TAGCCC
TAAAAA,-0.09598019344176091,TTTTTA
GAACTC,-0.0971368207322701,GAGTTC
CGCCCG,-0.09715284599155893,CGGGCG
CGTACA,-0.0972927274237364,TGTACG
CCGAGA,-0.09736964134813644,TCTCGG
CAAAAC,-0.09746687389334394,GTTTTG
GTAGTA,-0.09825096072759502,TACTAC
CATACG,-0.09837817434378303,CGTATG
CAGTAA,-0.09843887652734426,TTACTG
AGGCTG,-0.09854911860007351,CAGCCT
AAAAAC,-0.09908763101451416,GTTTTT
CTGCAA,-0.09920784293421976,TTGCAG
ATCTTC,-0.09937348121255454,GAAGAT
CCGTTC,-0.0996358297365873,GAACGG
CTGATA,-0.09966215864069665,TATCAG
CTTTTA,-0.09986614076538655,TAAAAG
AGTATA,-0.09989196262289562,TATACT
CTGAGC,-0.09997810578383255,GCTCAG
ACCGAA,-0.10025330734275192,TTCGGT
AAACGT,-0.10084029548961894,ACGTTT
ATGATA,-0.10103944642072157,TATCAT
CTAGGA,-0.101064471750355,TCCTAG
GAAACC,-0.10132003574576008,GGTTTC
ACCCCA,-0.10133995715153483,TGGGGT
GTGTTA,-0.10137910851138825,TAACAC
CGGGGA,-0.10157438447939285,TCCCCG
CAATTC,-0.10175131230291964,GAATTG
CTTGAA,-0.10261518793751692,TTCAAG
GTAAAA,-0.10293710014440034,TTTTAC
AGACAA,-0.10299474363677594,TTGTCT
CCCCGG,-0.10367192504576477,CCGGGG
TGAGAA,-0.10393901829694688,TTCTCA
ACCTGG,-0.10419993038918518,CCAGGT
AAGGGT,-0.10420708535895569,ACCCTT
AGTGAG,-0.10424121793820292,CTCACT
CTCAAC,-0.10429210914767588,GTTGAG
TCCCAA,-0.10435700319427815,TTGGGA
ATTGTA,-0.10438745275932995,TACAAT
ATAGGA,-0.10506245153055993,TCCTAT
ACCGTG,-0.10540226936891504,CACGGT
ATAACC,-0.10558895047549907,GGTTAT
GCGAGC,-0.10638655885335158,GCTCGC
ACCACT,-0.10641002301708119,AGTGGT
ATAAGC,-0.10667978432771519,GCTTAT
AAGGTA,-0.10672732404794381,TACCTT
CAGTCG,-0.1067402283578186,CGACTG
ACGTCG,-0.10678036670561923,CGACGT
AGTCCA,-0.1072585494704686,TGGACT
AGCGGG,-0.10738437090462309,CCCGCT
CACAGA,-0.10738512475175842,TCTGTG
CTCGTC,-0.1075531885231301,GACGAG
ATAGAA,-0.10766961289491302,TTCTAT
GGATAA,-0.10823393530510514,TTATCC
CACTGC,-0.10838824386147838,GCAGTG
AGCGTA,-0.10859822052878652,TACGCT
ATGGAG,-0.10862028570387279,CTCCAT
GTTTTA,-0.10933189556569044,TAAAAC
ATCGGG,-0.10964345570626052,CCCGAT
AAAGGA,-0.11017086361636189,TCCTTT
AACACA,-0.11073801804951641,TGTGTT
GAGTAC,-0.11074361695728313,GTACTC
TCTGAA,-0.1112253273844479,TTCAGA
GAATTA,-0.11126337075744937,TAATTC
ATCTAC,-0.11259750524342207,GTAGAT
GGATCC,-0.11368979085208071,GGATCC
AAGATT,-0.11395692053453656,AATCTT
TCCTAA,-0.11448516188525293,TTAGGA
CGTTTA,-0.1155187517110551,TAAACG
AGAAAC,-0.11619738491885415,GTTTCT
ACACTA,-0.11659592699593105,TAGTGT
GGCTAA,-0.11664194957867137,TTAGCC
ATTTGC,-0.11708150807522316,GCAAAT
ACGACA,-0.11733570145976949,TGTCGT
GGCGCC,-0.1175926678996285,GGCGCC
ACAAGT,-0.11862141164621068,ACTTGT
GTGAAA,-0.11869224801088424,TTTCAC
ACGGAT,-0.11930012626462999,ATCCGT
ATGAAA,-0.11966080551986989,TTTCAT
ACGTAA,-0.12023723131180807,TTACGT
GCACAC,-0.12050842291054245,GTGTGC
CATACA,-0.12087550716756447,TGTATG
AAGTCT,-0.12089855888831101,AGACTT
AACGTT,-0.12098369586127937,AACGTT
GAGACC,-0.12143514158285884,GGTCTC
CCCTTC,-0.12151094324023355,GAAGGG
GAACCC,-0.12212402412964243,GGGTTC
ATACTC,-0.12268251571814953,GAGTAT
ACCATC,-0.12298586861824717,GATGGT
ATATCA,-0.1232199543187089,TGATAT
AGAAGA,-0.12367082658462687,TCTTCT
AGTTCG,-0.1239156367908536,CGAACT
ACTGTA,-0.12452924805414711,TACAGT
CCCGTC,-0.12538986726396567,GACGGG
TAACAA,-0.12543853907657587,TTGTTA
ACTCCA,-0.1259002284831602,TGGAGT
AGAGGG,-0.12628474645722795,CCCTCT
ACACAA,-0.12629108164709696,TTGTGT
CTGTTC,-0.1266475792460676,GAACAG
AAGACC,-0.12669587839992946,GGTCTT
GTTTGA,-0.12670501678664123,TCAAAC
ACCCAT,-0.1268248486674128,ATGGGT
AGCACT,-0.12737320074356567,AGTGCT
GACGGC,-0.12877513157841924,GCCGTC
GGACCC,-0.1288918622943458,GGGTCC
ATCCTA,-0.12959322869047696,TAGGAT
ATAAAT,-0.1298483830283914,ATTTAT
ATGAGA,-0.1305819848198827,TCTCAT
AAATTT,-0.13081571660386554,AAATTT
CGGTTC,-0.13102174620595522,GAACCG
ACCGTC,-0.13156188474888117,GACGGT
CATCTC,-0.132096486405926,GAGATG
AGAACT,-0.1326989385149893,AGTTCT
CTTATA,-0.13296761731594733,TATAAG
GTTGTA,-0.1335849457048927,TACAAC
AGTAGA,-0.13392149598553296,TCTACT
GGTCTA,-0.13415063730829352,TAGACC
AGGGGC,-0.13495268223564216,GCCCCT
ATTGAA,-0.13495330462700217,TTCAAT
ATAATA,-0.13527073900078052,TATTAT
GTTGGA,-0.13563771007178052,TCCAAC
AGAATA,-0.136168655252226,TATTCT
AGACGC,-0.1362379598977092,GCGTCT
ATGACC,-0.13657574733951888,GGTCAT
AGCATC,-0.13675077116122777,GATGCT
CAACGG,-0.1379208149560579,CCGTTG
AATCAA,-0.13805443300886072,TTGATT
CTAAAC,-0.13808388207192757,GTTTAG
TTATAA,-0.13828734143906607,TTATAA
AATGTC,-0.13871340071272387,GACATT
AGGAAG,-0.13876359392450194,CTTCCT
CAAACG,-0.13914432711174218,CGTTTG
AATACA,-0.13940638352389859,TGTATT
AAAGTT,-0.14003555588415728,AACTTT
ACTTAA,-0.1402412430378492,TTAAGT
CAGGAG,-0.14069956570266656,CTCCTG
CCTGTA,-0.14090199248910995,TACAGG
CATTTA,-0.14104665310716885,TAAATG
CCACGG,-0.1425172992517465,CCGTGG
AAACCT,-0.14291286869630615,AGGTTT
ACAAAA,-0.14561487481841345,TTTTGT
CAGGTA,-0.1471370828923878,TACCTG
GGCACA,-0.14716681576509338,TGTGCC
AGGTAC,-0.1473835390129123,GTACCT
AAATCG,-0.1481609668435354,CGATTT
AATCCT,-0.1487884422573112,AGGATT
AGTGAT,-0.1491694677456381,ATCACT
GGATCA,-0.14927310471597827,TGATCC
ACAGGT,-0.14968290077681778,ACCTGT
AAGTGG,-0.15005703449197047,CCACTT
TATGGA,-0.15043280535659348,TCCATA
GGGAAC,-0.15077292681438154,GTTCCC
TCCCGA,-0.15121089151477554,TCGGGA
ATCGAT,-0.151231891226824,ATCGAT
CTATTC,-0.15217609965798184,GAATAG
ACCCTA,-0.15269375915634184,TAGGGT
GTATAA,-0.15272482419926428,TTATAC
ACATTA,-0.1533575122601984,TAATGT
ATTATC,-0.15337325357574266,GATAAT
AGTGCC,-0.1534557041327881,GGCACT
AGGACT,-0.153507002729896,AGTCCT
AAATTA,-0.15367022982231474,TAATTT
ACCTAG,-0.15389675257547566,CTAGGT
ATCTAG,-0.1543298369602136,CTAGAT
AACGTA,-0.15469958178380164,TACGTT
TACCGA,-0.156029293403452,TCGGTA
AGCACC,-0.15720984063529936,GGTGCT
CAGTCA,-0.1573967912701399,TGACTG
AAGGAA,-0.15803145052758535,TTCCTT
AATAAA,-0.1581753825188183,TTTATT
TGACCA,-0.1586441656075196,TGGTCA
CGTACC,-0.15892787684649887,GGTACG
ATAATC,-0.16008449400657176,GATTAT
AGCGAG,-0.1604005278032682,CTCGCT
GAAACA,-0.16096186809244561,TGTTTC
ATAACA,-0.16132143348319053,TGTTAT
GTTAAA,-0.16170696433415402,TTTAAC
GGACTA,-0.16242057676272964,TAGTCC
AGCTCC,-0.16301990235452382,GGAGCT
CATGAA,-0.1641491150053564,TTCATG
CCGGAG,-0.16567339473684384,CTCCGG
AGGGTC,-0.16834598449784954,GACCCT
AGGTAT,-0.17048437671076078,ATACCT
ATTACA,-0.17057321292301164,TGTAAT
ATACTA,-0.17096735531344262,TAGTAT
AGTTAC,-0.17150229514396173,GTAACT
AACTAA,-0.172350829659096,TTAGTT
AACATA,-0.172895941277359,TATGTT
AATCTC,-0.17404669880630808,GAGATT
ATGGCA,-0.17494779850491252,TGCCAT
ACGACC,-0.17558443389839626,GGTCGT
CCGCCG,-0.1766717969593264,CGGCGG
ACGTAC,-0.1774265396201026,GTACGT
TATTAA,-0.17796678853842812,TTAATA
CGTATA,-0.17892309017775068,TATACG
TTAAAA,-0.17903776883559028,TTTTAA
CAGAAA,-0.18184108226951975,TTTCTG
GATGCC,-0.18224143526353967,GGCATC
AGATCG,-0.18293004459484,CGATCT
CACGAA,-0.18333119440436452,TTCGTG
CCGGAC,-0.18426713612353765,GTCCGG
AGGTAA,-0.18572474534028688,TTACCT
AGCTAC,-0.1857857750940366,GTAGCT
GCACCC,-0.18622769447721563,GGGTGC
CACGTA,-0.18698545482724402,TACGTG
ATGGTG,-0.18827723474416777,CACCAT
ATCGAC,-0.1887117441234953,GTCGAT
ACCTCT,-0.1890017180349128,AGAGGT
GGTTCA,-0.1890222493516712,TGAACC
AACCGT,-0.19243319569784748,ACGGTT
CAATAC,-0.19273946107779297,GTATTG
CAAAAA,-0.19466128076647984,TTTTTG
ATATTC,-0.19511945732599578,GAATAT
CCGTGC,-0.19549733566739544,GCACGG
CCCAAA,-0.19629126599162183,TTTGGG
GTTTAA,-0.199962043033249,TTAAAC
AATTAG,-0.2004329612201966,CTAATT
AAAACT,-0.20108478814221414,AGTTTT
GGCATA,-0.20579059022843096,TATGCC
GACCCC,-0.20975025963798882,GGGGTC
AATTCG,-0.21066745285459013,CGAATT
AAGCGA,-0.21135788938337538,TCGCTT
ATTAAA,-0.21592015399940007,TTTAAT
GCCGCC,-0.2178537619391414,GGCGGC
GAAATA,-0.21909340313760828,TATTTC
ATATAG,-0.21932783857617275,CTATAT
ACGAAA,-0.22855305105033108,TTTCGT
GCCCCC,-0.22880350227297053,GGGGGC
ACTATA,-0.24196382554901735,TATAGT
CGGGAC,-0.2576202490894579,GTCCCG
AGTATC,-0.25811073484880703,GATACT
AAAATA,-0.2594849306676938,TATTTT
ATGATC,-0.264109505842009,GATCAT
AAAAGA,-0.2693334785784663,TCTTTT
AATTTA,-0.2867886868735868,TAAATT
CACGTC,-0.29295019314025317,GACGTG
ATTATA,-0.29588903150348556,TATAAT
CACATC,-0.29878509846043955,GATGTG
CCCCCC,-0.29888447886412156,GGGGGG
AGTTTA,-0.30703605557471597,TAAACT
AGCCCC,-0.30825935343786365,GGGGCT
TGAAAA,-0.3114356350604203,TTTTCA
CACATA,-0.35701429284129477,TATGTG
ATATAC,-0.3687653894882961,GTATAT
AATATA,-0.386056646894933,TATATT
AAAAAA,-0.5036117233076598,TTTTTT
